år,veckonummer,Region,Antal_fall_vecka,Kum_antal_fall,Antal_intensivvårdade_vecka,Kum_antal_intensivvårdade,Antal_avlidna_vecka,Kum_antal_avlidna,Antal_fall_100000inv_vecka,Kum_fall_100000inv
2020,1,Blekinge,0,0,0,0,0,0,0,0
2020,2,Blekinge,0,0,0,0,0,0,0,0
2020,3,Blekinge,0,0,0,0,0,0,0,0
2020,4,Blekinge,0,0,0,0,0,0,0,0
2020,5,Blekinge,0,0,0,0,0,0,0,0
2020,6,Blekinge,0,0,0,0,0,0,0,0
2020,7,Blekinge,0,0,0,0,0,0,0,0
2020,8,Blekinge,0,0,0,0,0,0,0,0
2020,9,Blekinge,0,0,0,0,0,0,0,0
2020,10,Blekinge,0,0,0,0,0,0,0,0
2020,11,Blekinge,10,10,0,0,0,0,6,6
2020,12,Blekinge,2,12,0,0,0,0,1,8
2020,13,Blekinge,9,21,1,1,1,1,6,13
2020,14,Blekinge,15,36,1,2,0,1,9,23
2020,15,Blekinge,6,42,0,2,1,2,4,26
2020,16,Blekinge,1,43,0,2,0,2,1,27
2020,17,Blekinge,21,64,0,2,0,2,13,40
2020,18,Blekinge,10,74,0,2,0,2,6,46
2020,19,Blekinge,11,85,0,2,0,2,7,53
2020,20,Blekinge,18,103,1,3,1,3,11,65
2020,21,Blekinge,44,147,0,3,1,4,28,92
2020,22,Blekinge,68,215,0,3,1,5,43,135
2020,23,Blekinge,82,297,1,4,1,6,51,186
2020,24,Blekinge,82,379,1,5,5,11,51,237
2020,25,Blekinge,38,417,2,7,2,13,24,261
2020,26,Blekinge,27,444,1,8,1,14,17,278
2020,27,Blekinge,16,460,0,8,0,14,10,288
2020,28,Blekinge,11,471,0,8,0,14,7,295
2020,29,Blekinge,8,479,0,8,0,14,5,300
2020,30,Blekinge,3,482,0,8,0,14,2,302
2020,31,Blekinge,11,493,0,8,1,15,7,309
2020,32,Blekinge,33,526,0,8,0,15,21,330
2020,33,Blekinge,46,572,0,8,0,15,29,358
2020,34,Blekinge,22,594,1,9,1,16,14,372
2020,35,Blekinge,15,609,0,9,1,17,9,382
2020,36,Blekinge,3,612,0,9,0,17,2,383
2020,37,Blekinge,4,616,0,9,0,17,3,386
2020,38,Blekinge,14,630,0,9,0,17,9,395
2020,39,Blekinge,77,707,0,9,0,17,48,443
2020,40,Blekinge,72,779,0,9,0,17,45,488
2020,41,Blekinge,61,840,0,9,1,18,38,526
2020,42,Blekinge,31,871,0,9,0,18,19,546
2020,43,Blekinge,65,936,0,9,0,18,41,586
2020,44,Blekinge,141,1077,1,10,0,18,88,675
2020,45,Blekinge,161,1238,0,10,2,20,101,776
2020,46,Blekinge,224,1462,0,10,1,21,140,916
2020,47,Blekinge,251,1713,2,12,1,22,157,1073
2020,48,Blekinge,365,2078,0,12,1,23,229,1302
2020,49,Blekinge,458,2536,1,13,2,25,287,1589
2020,50,Blekinge,556,3092,2,15,4,29,348,1937
2020,51,Blekinge,621,3713,5,20,8,37,389,2326
2020,52,Blekinge,700,4413,2,22,12,49,439,2765
2020,53,Blekinge,914,5327,2,24,11,60,573,3338
2021,1,Blekinge,788,6115,3,27,16,76,495,3845
2021,2,Blekinge,621,6736,1,28,11,87,390,4235
2021,3,Blekinge,379,7115,3,31,11,98,238,4473
2021,4,Blekinge,214,7329,1,32,12,110,135,4608
2021,5,Blekinge,211,7540,1,33,3,113,133,4740
2021,6,Blekinge,150,7690,1,34,1,114,94,4835
2021,7,Blekinge,173,7863,2,36,1,115,109,4944
2021,8,Blekinge,121,7984,2,38,2,117,76,5020
2021,9,Blekinge,170,8154,0,38,0,117,107,5126
2021,10,Blekinge,179,8333,0,38,0,117,113,5239
2021,11,Blekinge,211,8544,2,40,3,120,133,5372
2021,12,Blekinge,303,8847,0,40,0,120,190,5562
2021,13,Blekinge,384,9231,2,42,1,121,241,5804
2021,14,Blekinge,455,9686,1,43,1,122,286,6090
2021,15,Blekinge,592,10278,1,44,4,126,372,6462
2021,16,Blekinge,658,10936,2,46,1,127,414,6876
2021,17,Blekinge,555,11491,3,49,1,128,349,7224
2021,18,Blekinge,455,11946,3,52,0,128,286,7511
2021,19,Blekinge,292,12238,2,54,0,128,184,7694
2021,20,Blekinge,208,12446,2,56,0,128,131,7825
2021,21,Blekinge,119,12565,0,56,0,128,75,7900
2021,22,Blekinge,98,12663,1,57,0,128,62,7961
2021,23,Blekinge,83,12746,0,57,1,129,52,8014
2021,24,Blekinge,58,12804,1,58,1,130,36,8050
2021,25,Blekinge,39,12843,0,58,0,130,25,8075
2021,26,Blekinge,19,12862,0,58,0,130,12,8086
2021,27,Blekinge,11,12873,0,58,0,130,7,8093
2021,28,Blekinge,14,12887,0,58,0,130,9,8102
2021,29,Blekinge,15,12902,0,58,0,130,9,8112
2021,30,Blekinge,9,12911,0,58,0,130,6,8117
2021,31,Blekinge,36,12947,0,58,0,130,23,8140
2021,32,Blekinge,56,13003,0,58,0,130,35,8175
2021,33,Blekinge,51,13054,0,58,0,130,32,8207
2021,34,Blekinge,60,13114,1,59,0,130,38,8245
2021,35,Blekinge,100,13214,1,60,0,130,63,8308
2021,36,Blekinge,88,13302,0,60,0,130,55,8363
2021,37,Blekinge,43,13345,0,60,0,130,27,8390
2021,38,Blekinge,33,13378,0,60,0,130,21,8411
2021,39,Blekinge,22,13400,0,60,0,130,14,8425
2020,1,Dalarna,0,0,0,0,0,0,0,0
2020,2,Dalarna,0,0,0,0,0,0,0,0
2020,3,Dalarna,0,0,0,0,0,0,0,0
2020,4,Dalarna,0,0,0,0,0,0,0,0
2020,5,Dalarna,0,0,0,0,0,0,0,0
2020,6,Dalarna,0,0,0,0,0,0,0,0
2020,7,Dalarna,0,0,0,0,0,0,0,0
2020,8,Dalarna,0,0,0,0,0,0,0,0
2020,9,Dalarna,0,0,0,0,0,0,0,0
2020,10,Dalarna,0,0,0,0,0,0,0,0
2020,11,Dalarna,5,5,0,0,0,0,2,2
2020,12,Dalarna,17,22,2,2,1,1,6,8
2020,13,Dalarna,70,92,10,12,5,6,24,32
2020,14,Dalarna,102,194,9,21,18,24,35,67
2020,15,Dalarna,159,353,10,31,26,50,55,123
2020,16,Dalarna,138,491,6,37,24,74,48,171
2020,17,Dalarna,198,689,7,44,23,97,69,239
2020,18,Dalarna,115,804,5,49,17,114,40,279
2020,19,Dalarna,164,968,4,53,14,128,57,336
2020,20,Dalarna,85,1053,3,56,8,136,30,366
2020,21,Dalarna,84,1137,1,57,8,144,29,395
2020,22,Dalarna,83,1220,3,60,4,148,29,424
2020,23,Dalarna,99,1319,3,63,3,151,34,458
2020,24,Dalarna,75,1394,1,64,5,156,26,484
2020,25,Dalarna,60,1454,0,64,2,158,21,505
2020,26,Dalarna,167,1621,1,65,1,159,58,563
2020,27,Dalarna,178,1799,0,65,1,160,62,625
2020,28,Dalarna,58,1857,0,65,5,165,20,645
2020,29,Dalarna,52,1909,1,66,6,171,18,663
2020,30,Dalarna,30,1939,1,67,1,172,10,673
2020,31,Dalarna,27,1966,0,67,2,174,9,683
2020,32,Dalarna,48,2014,0,67,0,174,17,699
2020,33,Dalarna,37,2051,0,67,0,174,13,712
2020,34,Dalarna,42,2093,0,67,0,174,15,727
2020,35,Dalarna,56,2149,0,67,0,174,19,746
2020,36,Dalarna,57,2206,1,68,0,174,20,766
2020,37,Dalarna,79,2285,0,68,0,174,27,793
2020,38,Dalarna,164,2449,0,68,3,177,57,850
2020,39,Dalarna,88,2537,0,68,0,177,31,881
2020,40,Dalarna,101,2638,0,68,1,178,35,916
2020,41,Dalarna,84,2722,1,69,5,183,29,945
2020,42,Dalarna,161,2883,0,69,1,184,56,1001
2020,43,Dalarna,213,3096,0,69,1,185,74,1075
2020,44,Dalarna,444,3540,2,71,1,186,154,1229
2020,45,Dalarna,621,4161,2,73,1,187,216,1445
2020,46,Dalarna,691,4852,3,76,2,189,240,1685
2020,47,Dalarna,631,5483,3,79,5,194,219,1904
2020,48,Dalarna,797,6280,0,79,5,199,277,2181
2020,49,Dalarna,839,7119,1,80,6,205,291,2472
2020,50,Dalarna,1019,8138,2,82,6,211,354,2826
2020,51,Dalarna,1135,9273,2,84,20,231,394,3220
2020,52,Dalarna,975,10248,2,86,18,249,339,3559
2020,53,Dalarna,987,11235,1,87,22,271,343,3902
2021,1,Dalarna,714,11949,5,92,8,279,248,4154
2021,2,Dalarna,608,12557,2,94,10,289,211,4365
2021,3,Dalarna,511,13068,1,95,8,297,178,4543
2021,4,Dalarna,342,13410,2,97,2,299,119,4661
2021,5,Dalarna,307,13717,2,99,3,302,107,4768
2021,6,Dalarna,332,14049,1,100,1,303,115,4884
2021,7,Dalarna,380,14429,2,102,2,305,132,5016
2021,8,Dalarna,482,14911,0,102,0,305,168,5183
2021,9,Dalarna,580,15491,3,105,0,305,202,5385
2021,10,Dalarna,790,16281,2,107,2,307,275,5659
2021,11,Dalarna,925,17206,8,115,3,310,322,5981
2021,12,Dalarna,1133,18339,13,128,0,310,394,6375
2021,13,Dalarna,1097,19436,9,137,7,317,381,6756
2021,14,Dalarna,1474,20910,7,144,4,321,512,7269
2021,15,Dalarna,1134,22044,12,156,3,324,394,7663
2021,16,Dalarna,1161,23205,3,159,6,330,404,8066
2021,17,Dalarna,1021,24226,14,173,2,332,355,8421
2021,18,Dalarna,897,25123,7,180,2,334,312,8733
2021,19,Dalarna,744,25867,2,182,4,338,259,8992
2021,20,Dalarna,490,26357,3,185,3,341,170,9162
2021,21,Dalarna,261,26618,2,187,2,343,91,9253
2021,22,Dalarna,204,26822,1,188,0,343,71,9324
2021,23,Dalarna,102,26924,1,189,0,343,35,9359
2021,24,Dalarna,55,26979,0,189,0,343,19,9378
2021,25,Dalarna,41,27020,1,190,0,343,14,9393
2021,26,Dalarna,38,27058,0,190,0,343,13,9406
2021,27,Dalarna,22,27080,0,190,1,344,8,9413
2021,28,Dalarna,28,27108,0,190,0,344,10,9423
2021,29,Dalarna,13,27121,0,190,0,344,5,9428
2021,30,Dalarna,36,27157,0,190,0,344,13,9440
2021,31,Dalarna,70,27227,0,190,0,344,24,9464
2021,32,Dalarna,113,27340,0,190,0,344,39,9504
2021,33,Dalarna,115,27455,0,190,0,344,40,9544
2021,34,Dalarna,170,27625,1,191,1,345,59,9603
2021,35,Dalarna,182,27807,2,193,0,345,63,9666
2021,36,Dalarna,244,28051,0,193,5,350,85,9751
2021,37,Dalarna,215,28266,0,193,0,350,75,9826
2021,38,Dalarna,123,28389,0,193,2,352,43,9868
2021,39,Dalarna,108,28497,0,193,2,354,38,9906
2020,1,Gotland,0,0,0,0,0,0,0,0
2020,2,Gotland,0,0,0,0,0,0,0,0
2020,3,Gotland,0,0,0,0,0,0,0,0
2020,4,Gotland,0,0,0,0,0,0,0,0
2020,5,Gotland,0,0,0,0,0,0,0,0
2020,6,Gotland,0,0,0,0,0,0,0,0
2020,7,Gotland,0,0,0,0,0,0,0,0
2020,8,Gotland,0,0,0,0,0,0,0,0
2020,9,Gotland,0,0,0,0,0,0,0,0
2020,10,Gotland,0,0,0,0,0,0,0,0
2020,11,Gotland,2,2,0,0,0,0,3,3
2020,12,Gotland,3,5,0,0,0,0,5,8
2020,13,Gotland,6,11,2,2,0,0,10,18
2020,14,Gotland,3,14,0,2,0,0,5,23
2020,15,Gotland,2,16,1,3,1,1,3,27
2020,16,Gotland,3,19,1,4,0,1,5,32
2020,17,Gotland,12,31,0,4,0,1,20,52
2020,18,Gotland,22,53,0,4,2,3,37,89
2020,19,Gotland,10,63,0,4,0,3,17,106
2020,20,Gotland,3,66,1,5,0,3,5,111
2020,21,Gotland,5,71,0,5,3,6,8,119
2020,22,Gotland,11,82,0,5,0,6,18,137
2020,23,Gotland,10,92,0,5,0,6,17,154
2020,24,Gotland,21,113,0,5,0,6,35,189
2020,25,Gotland,20,133,0,5,0,6,34,223
2020,26,Gotland,27,160,1,6,0,6,45,268
2020,27,Gotland,13,173,0,6,0,6,22,290
2020,28,Gotland,14,187,0,6,0,6,23,313
2020,29,Gotland,19,206,0,6,0,6,32,345
2020,30,Gotland,24,230,0,6,0,6,40,385
2020,31,Gotland,21,251,0,6,0,6,35,421
2020,32,Gotland,34,285,0,6,0,6,57,477
2020,33,Gotland,22,307,0,6,0,6,37,514
2020,34,Gotland,8,315,1,7,0,6,13,528
2020,35,Gotland,3,318,0,7,0,6,5,533
2020,36,Gotland,1,319,0,7,0,6,2,534
2020,37,Gotland,3,322,0,7,0,6,5,539
2020,38,Gotland,5,327,0,7,0,6,8,548
2020,39,Gotland,3,330,0,7,0,6,5,553
2020,40,Gotland,16,346,0,7,0,6,27,580
2020,41,Gotland,15,361,0,7,0,6,25,605
2020,42,Gotland,14,375,0,7,0,6,23,628
2020,43,Gotland,33,408,0,7,0,6,55,684
2020,44,Gotland,68,476,0,7,0,6,114,798
2020,45,Gotland,186,662,1,8,1,7,312,1109
2020,46,Gotland,233,895,1,9,1,8,390,1500
2020,47,Gotland,174,1069,3,12,1,9,292,1791
2020,48,Gotland,232,1301,4,16,4,13,389,2180
2020,49,Gotland,320,1621,0,16,8,21,536,2716
2020,50,Gotland,235,1856,1,17,2,23,394,3110
2020,51,Gotland,196,2052,2,19,4,27,328,3438
2020,52,Gotland,121,2173,1,20,5,32,203,3641
2020,53,Gotland,115,2288,1,21,7,39,193,3833
2021,1,Gotland,152,2440,2,23,1,40,253,4058
2021,2,Gotland,83,2523,0,23,2,42,138,4196
2021,3,Gotland,57,2580,0,23,0,42,95,4291
2021,4,Gotland,30,2610,0,23,1,43,50,4341
2021,5,Gotland,19,2629,1,24,0,43,32,4373
2021,6,Gotland,27,2656,0,24,1,44,45,4418
2021,7,Gotland,15,2671,0,24,0,44,25,4442
2021,8,Gotland,33,2704,0,24,0,44,55,4497
2021,9,Gotland,65,2769,0,24,0,44,108,4605
2021,10,Gotland,63,2832,1,25,0,44,105,4710
2021,11,Gotland,69,2901,1,26,0,44,115,4825
2021,12,Gotland,107,3008,0,26,0,44,178,5003
2021,13,Gotland,97,3105,0,26,1,45,161,5164
2021,14,Gotland,154,3259,1,27,1,46,256,5420
2021,15,Gotland,182,3441,0,27,0,46,303,5723
2021,16,Gotland,130,3571,2,29,1,47,216,5939
2021,17,Gotland,79,3650,1,30,2,49,131,6071
2021,18,Gotland,105,3755,1,31,0,49,175,6245
2021,19,Gotland,96,3851,0,31,0,49,160,6405
2021,20,Gotland,67,3918,1,32,0,49,111,6517
2021,21,Gotland,28,3946,0,32,0,49,47,6563
2021,22,Gotland,22,3968,0,32,0,49,37,6600
2021,23,Gotland,15,3983,0,32,1,50,25,6625
2021,24,Gotland,7,3990,0,32,0,50,12,6636
2021,25,Gotland,12,4002,0,32,0,50,20,6656
2021,26,Gotland,5,4007,0,32,0,50,8,6665
2021,27,Gotland,10,4017,0,32,0,50,17,6681
2021,28,Gotland,9,4026,0,32,0,50,15,6696
2021,29,Gotland,25,4051,0,32,0,50,42,6738
2021,30,Gotland,93,4144,0,32,0,50,155,6892
2021,31,Gotland,134,4278,0,32,0,50,223,7115
2021,32,Gotland,101,4379,0,32,0,50,168,7283
2021,33,Gotland,51,4430,0,32,1,51,85,7368
2021,34,Gotland,55,4485,0,32,0,51,91,7460
2021,35,Gotland,25,4510,0,32,0,51,42,7501
2021,36,Gotland,32,4542,1,33,0,51,53,7554
2021,37,Gotland,12,4554,0,33,0,51,20,7574
2021,38,Gotland,7,4561,0,33,0,51,12,7586
2021,39,Gotland,3,4564,0,33,0,51,5,7591
2020,1,Gävleborg,0,0,0,0,0,0,0,0
2020,2,Gävleborg,0,0,0,0,0,0,0,0
2020,3,Gävleborg,0,0,0,0,0,0,0,0
2020,4,Gävleborg,0,0,0,0,0,0,0,0
2020,5,Gävleborg,0,0,0,0,0,0,0,0
2020,6,Gävleborg,0,0,0,0,0,0,0,0
2020,7,Gävleborg,0,0,0,0,0,0,0,0
2020,8,Gävleborg,0,0,0,0,0,0,0,0
2020,9,Gävleborg,0,0,0,0,0,0,0,0
2020,10,Gävleborg,2,2,0,0,0,0,1,1
2020,11,Gävleborg,5,7,0,0,0,0,2,2
2020,12,Gävleborg,17,24,1,1,0,0,6,8
2020,13,Gävleborg,52,76,5,6,2,2,18,26
2020,14,Gävleborg,106,182,10,16,9,11,37,63
2020,15,Gävleborg,108,290,5,21,26,37,38,101
2020,16,Gävleborg,121,411,4,25,5,42,42,143
2020,17,Gävleborg,109,520,6,31,15,57,38,181
2020,18,Gävleborg,112,632,5,36,16,73,39,220
2020,19,Gävleborg,176,808,3,39,12,85,61,281
2020,20,Gävleborg,170,978,2,41,8,93,59,340
2020,21,Gävleborg,152,1130,4,45,7,100,53,393
2020,22,Gävleborg,165,1295,3,48,9,109,57,451
2020,23,Gävleborg,231,1526,10,58,7,116,80,531
2020,24,Gävleborg,280,1806,5,63,5,121,97,628
2020,25,Gävleborg,240,2046,3,66,8,129,84,712
2020,26,Gävleborg,370,2416,1,67,10,139,129,841
2020,27,Gävleborg,231,2647,2,69,5,144,80,921
2020,28,Gävleborg,232,2879,1,70,8,152,81,1002
2020,29,Gävleborg,89,2968,1,71,4,156,31,1033
2020,30,Gävleborg,63,3031,0,71,4,160,22,1055
2020,31,Gävleborg,22,3053,0,71,2,162,8,1062
2020,32,Gävleborg,35,3088,0,71,1,163,12,1075
2020,33,Gävleborg,43,3131,0,71,0,163,15,1089
2020,34,Gävleborg,34,3165,0,71,1,164,12,1101
2020,35,Gävleborg,28,3193,0,71,0,164,10,1111
2020,36,Gävleborg,23,3216,1,72,0,164,8,1119
2020,37,Gävleborg,42,3258,0,72,4,168,15,1134
2020,38,Gävleborg,37,3295,3,75,0,168,13,1147
2020,39,Gävleborg,73,3368,1,76,1,169,25,1172
2020,40,Gävleborg,75,3443,0,76,1,170,26,1198
2020,41,Gävleborg,78,3521,0,76,0,170,27,1225
2020,42,Gävleborg,61,3582,0,76,1,171,21,1246
2020,43,Gävleborg,104,3686,0,76,0,171,36,1283
2020,44,Gävleborg,240,3926,0,76,0,171,84,1366
2020,45,Gävleborg,485,4411,2,78,0,171,169,1535
2020,46,Gävleborg,765,5176,2,80,4,175,266,1801
2020,47,Gävleborg,1017,6193,2,82,14,189,354,2155
2020,48,Gävleborg,1211,7404,8,90,23,212,421,2576
2020,49,Gävleborg,1400,8804,6,96,22,234,487,3064
2020,50,Gävleborg,1559,10363,9,105,44,278,542,3606
2020,51,Gävleborg,2506,12869,11,116,56,334,872,4478
2020,52,Gävleborg,1260,14129,9,125,47,381,438,4916
2020,53,Gävleborg,1432,15561,9,134,36,417,498,5415
2021,1,Gävleborg,1267,16828,6,140,25,442,441,5853
2021,2,Gävleborg,620,17448,2,142,18,460,216,6069
2021,3,Gävleborg,506,17954,3,145,10,470,176,6245
2021,4,Gävleborg,433,18387,1,146,10,480,151,6395
2021,5,Gävleborg,591,18978,2,148,2,482,206,6601
2021,6,Gävleborg,715,19693,6,154,4,486,249,6850
2021,7,Gävleborg,907,20600,2,156,6,492,315,7165
2021,8,Gävleborg,1171,21771,9,165,7,499,407,7572
2021,9,Gävleborg,1494,23265,6,171,4,503,520,8092
2021,10,Gävleborg,1386,24651,7,178,10,513,482,8574
2021,11,Gävleborg,1380,26031,4,182,6,519,480,9054
2021,12,Gävleborg,1505,27536,4,186,7,526,523,9578
2021,13,Gävleborg,1197,28733,8,194,6,532,416,9994
2021,14,Gävleborg,1601,30334,10,204,8,540,557,10551
2021,15,Gävleborg,1205,31539,14,218,2,542,419,10970
2021,16,Gävleborg,1010,32549,7,225,5,547,351,11321
2021,17,Gävleborg,775,33324,5,230,2,549,270,11591
2021,18,Gävleborg,906,34230,3,233,2,551,315,11906
2021,19,Gävleborg,691,34921,4,237,3,554,240,12146
2021,20,Gävleborg,448,35369,2,239,4,558,156,12302
2021,21,Gävleborg,217,35586,1,240,1,559,75,12378
2021,22,Gävleborg,151,35737,0,240,1,560,53,12430
2021,23,Gävleborg,68,35805,0,240,0,560,24,12454
2021,24,Gävleborg,27,35832,0,240,0,560,9,12463
2021,25,Gävleborg,13,35845,1,241,0,560,5,12468
2021,26,Gävleborg,50,35895,0,241,0,560,17,12485
2021,27,Gävleborg,27,35922,0,241,0,560,9,12495
2021,28,Gävleborg,27,35949,0,241,0,560,9,12504
2021,29,Gävleborg,40,35989,1,242,0,560,14,12518
2021,30,Gävleborg,50,36039,0,242,0,560,17,12535
2021,31,Gävleborg,78,36117,0,242,0,560,27,12562
2021,32,Gävleborg,152,36269,1,243,0,560,53,12615
2021,33,Gävleborg,91,36360,1,244,0,560,32,12647
2021,34,Gävleborg,120,36480,0,244,0,560,42,12689
2021,35,Gävleborg,140,36620,0,244,0,560,49,12737
2021,36,Gävleborg,140,36760,2,246,1,561,49,12786
2021,37,Gävleborg,103,36863,0,246,0,561,36,12822
2021,38,Gävleborg,57,36920,2,248,0,561,20,12842
2021,39,Gävleborg,109,37029,0,248,0,561,38,12880
2020,1,Halland,0,0,0,0,0,0,0,0
2020,2,Halland,0,0,0,0,0,0,0,0
2020,3,Halland,0,0,0,0,0,0,0,0
2020,4,Halland,0,0,0,0,0,0,0,0
2020,5,Halland,0,0,0,0,0,0,0,0
2020,6,Halland,0,0,0,0,0,0,0,0
2020,7,Halland,0,0,0,0,0,0,0,0
2020,8,Halland,0,0,0,0,0,0,0,0
2020,9,Halland,0,0,0,0,0,0,0,0
2020,10,Halland,1,1,0,0,0,0,0,0
2020,11,Halland,41,42,0,0,0,0,12,13
2020,12,Halland,17,59,2,2,0,0,5,18
2020,13,Halland,31,90,7,9,6,6,9,27
2020,14,Halland,43,133,2,11,9,15,13,40
2020,15,Halland,53,186,4,15,1,16,16,56
2020,16,Halland,52,238,2,17,10,26,16,71
2020,17,Halland,88,326,1,18,5,31,26,98
2020,18,Halland,58,384,4,22,8,39,17,115
2020,19,Halland,93,477,2,24,7,46,28,143
2020,20,Halland,77,554,2,26,5,51,23,166
2020,21,Halland,101,655,1,27,2,53,30,196
2020,22,Halland,125,780,3,30,2,55,37,234
2020,23,Halland,136,916,2,32,4,59,41,274
2020,24,Halland,152,1068,1,33,4,63,46,320
2020,25,Halland,122,1190,1,34,6,69,37,356
2020,26,Halland,240,1430,2,36,4,73,72,428
2020,27,Halland,163,1593,1,37,2,75,49,477
2020,28,Halland,56,1649,0,37,2,77,17,494
2020,29,Halland,35,1684,0,37,1,78,10,504
2020,30,Halland,31,1715,1,38,0,78,9,514
2020,31,Halland,60,1775,0,38,1,79,18,532
2020,32,Halland,99,1874,1,39,1,80,30,561
2020,33,Halland,91,1965,0,39,2,82,27,589
2020,34,Halland,99,2064,0,39,0,82,30,618
2020,35,Halland,76,2140,0,39,0,82,23,641
2020,36,Halland,93,2233,1,40,1,83,28,669
2020,37,Halland,79,2312,0,40,0,83,24,693
2020,38,Halland,84,2396,0,40,1,84,25,718
2020,39,Halland,107,2503,0,40,3,87,32,750
2020,40,Halland,156,2659,2,42,1,88,47,796
2020,41,Halland,155,2814,2,44,1,89,46,843
2020,42,Halland,138,2952,0,44,0,89,41,884
2020,43,Halland,195,3147,2,46,0,89,58,943
2020,44,Halland,467,3614,1,47,0,89,140,1083
2020,45,Halland,557,4171,1,48,2,91,167,1249
2020,46,Halland,986,5157,1,49,8,99,295,1545
2020,47,Halland,539,5696,3,52,8,107,161,1706
2020,48,Halland,778,6474,2,54,8,115,233,1939
2020,49,Halland,1064,7538,4,58,6,121,319,2258
2020,50,Halland,1194,8732,1,59,5,126,358,2616
2020,51,Halland,1198,9930,2,61,9,135,359,2974
2020,52,Halland,1118,11048,6,67,12,147,335,3309
2020,53,Halland,2026,13074,6,73,7,154,607,3916
2021,1,Halland,2239,15313,11,84,19,173,665,4547
2021,2,Halland,1502,16815,3,87,29,202,446,4993
2021,3,Halland,1153,17968,4,91,21,223,342,5336
2021,4,Halland,1128,19096,4,95,18,241,335,5671
2021,5,Halland,1043,20139,4,99,12,253,310,5980
2021,6,Halland,1173,21312,4,103,10,263,348,6329
2021,7,Halland,1182,22494,4,107,8,271,351,6680
2021,8,Halland,1399,23893,6,113,2,273,415,7095
2021,9,Halland,1686,25579,4,117,6,279,501,7596
2021,10,Halland,1615,27194,8,125,5,284,480,8075
2021,11,Halland,1776,28970,3,128,4,288,527,8603
2021,12,Halland,2205,31175,7,135,4,292,655,9258
2021,13,Halland,1929,33104,6,141,5,297,573,9830
2021,14,Halland,1711,34815,5,146,5,302,508,10339
2021,15,Halland,1468,36283,8,154,6,308,436,10775
2021,16,Halland,1080,37363,5,159,2,310,321,11095
2021,17,Halland,857,38220,3,162,2,312,254,11350
2021,18,Halland,777,38997,4,166,2,314,231,11580
2021,19,Halland,552,39549,4,170,3,317,164,11744
2021,20,Halland,489,40038,0,170,1,318,145,11890
2021,21,Halland,232,40270,1,171,2,320,69,11958
2021,22,Halland,348,40618,0,171,0,320,103,12062
2021,23,Halland,125,40743,0,171,0,320,37,12099
2021,24,Halland,58,40801,0,171,0,320,17,12116
2021,25,Halland,54,40855,0,171,0,320,16,12132
2021,26,Halland,77,40932,0,171,0,320,23,12155
2021,27,Halland,63,40995,0,171,0,320,19,12174
2021,28,Halland,76,41071,0,171,0,320,23,12196
2021,29,Halland,118,41189,0,171,0,320,35,12231
2021,30,Halland,160,41349,2,173,0,320,48,12279
2021,31,Halland,156,41505,0,173,0,320,46,12325
2021,32,Halland,191,41696,0,173,0,320,57,12382
2021,33,Halland,253,41949,1,174,0,320,75,12457
2021,34,Halland,224,42173,1,175,2,322,67,12524
2021,35,Halland,212,42385,1,176,0,322,63,12587
2021,36,Halland,233,42618,1,177,2,324,69,12656
2021,37,Halland,208,42826,1,178,2,326,62,12718
2021,38,Halland,114,42940,0,178,2,328,34,12751
2021,39,Halland,88,43028,0,178,0,328,26,12778
2020,1,Jämtland Härjedalen,0,0,0,0,0,0,0,0
2020,2,Jämtland Härjedalen,0,0,0,0,0,0,0,0
2020,3,Jämtland Härjedalen,0,0,0,0,0,0,0,0
2020,4,Jämtland Härjedalen,0,0,0,0,0,0,0,0
2020,5,Jämtland Härjedalen,0,0,0,0,0,0,0,0
2020,6,Jämtland Härjedalen,0,0,0,0,0,0,0,0
2020,7,Jämtland Härjedalen,0,0,0,0,0,0,0,0
2020,8,Jämtland Härjedalen,0,0,0,0,0,0,0,0
2020,9,Jämtland Härjedalen,0,0,0,0,0,0,0,0
2020,10,Jämtland Härjedalen,0,0,0,0,0,0,0,0
2020,11,Jämtland Härjedalen,21,21,0,0,0,0,16,16
2020,12,Jämtland Härjedalen,34,55,0,0,0,0,26,42
2020,13,Jämtland Härjedalen,26,81,1,1,0,0,20,62
2020,14,Jämtland Härjedalen,11,92,2,3,0,0,8,70
2020,15,Jämtland Härjedalen,42,134,2,5,2,2,32,102
2020,16,Jämtland Härjedalen,81,215,1,6,9,11,62,164
2020,17,Jämtland Härjedalen,63,278,1,7,1,12,48,213
2020,18,Jämtland Härjedalen,81,359,1,8,4,16,62,274
2020,19,Jämtland Härjedalen,80,439,4,12,3,19,61,336
2020,20,Jämtland Härjedalen,102,541,0,12,8,27,78,414
2020,21,Jämtland Härjedalen,97,638,3,15,6,33,74,488
2020,22,Jämtland Härjedalen,94,732,0,15,3,36,72,560
2020,23,Jämtland Härjedalen,81,813,1,16,5,41,62,622
2020,24,Jämtland Härjedalen,74,887,0,16,6,47,57,678
2020,25,Jämtland Härjedalen,88,975,0,16,6,53,67,745
2020,26,Jämtland Härjedalen,54,1029,0,16,3,56,41,787
2020,27,Jämtland Härjedalen,37,1066,1,17,3,59,28,815
2020,28,Jämtland Härjedalen,21,1087,0,17,0,59,16,831
2020,29,Jämtland Härjedalen,22,1109,1,18,0,59,17,848
2020,30,Jämtland Härjedalen,19,1128,0,18,0,59,15,862
2020,31,Jämtland Härjedalen,10,1138,1,19,1,60,8,870
2020,32,Jämtland Härjedalen,19,1157,1,20,2,62,15,884
2020,33,Jämtland Härjedalen,18,1175,0,20,0,62,14,898
2020,34,Jämtland Härjedalen,2,1177,0,20,2,64,2,900
2020,35,Jämtland Härjedalen,12,1189,0,20,0,64,9,909
2020,36,Jämtland Härjedalen,22,1211,0,20,0,64,17,926
2020,37,Jämtland Härjedalen,9,1220,0,20,0,64,7,933
2020,38,Jämtland Härjedalen,18,1238,0,20,0,64,14,946
2020,39,Jämtland Härjedalen,27,1265,0,20,0,64,21,967
2020,40,Jämtland Härjedalen,56,1321,0,20,0,64,43,1010
2020,41,Jämtland Härjedalen,124,1445,2,22,0,64,95,1105
2020,42,Jämtland Härjedalen,106,1551,0,22,0,64,81,1186
2020,43,Jämtland Härjedalen,60,1611,0,22,0,64,46,1232
2020,44,Jämtland Härjedalen,53,1664,1,23,3,67,41,1272
2020,45,Jämtland Härjedalen,138,1802,0,23,1,68,105,1378
2020,46,Jämtland Härjedalen,278,2080,0,23,0,68,213,1590
2020,47,Jämtland Härjedalen,446,2526,2,25,0,68,341,1931
2020,48,Jämtland Härjedalen,356,2882,5,30,1,69,272,2203
2020,49,Jämtland Härjedalen,323,3205,2,32,6,75,247,2450
2020,50,Jämtland Härjedalen,355,3560,1,33,7,82,271,2722
2020,51,Jämtland Härjedalen,411,3971,1,34,5,87,314,3036
2020,52,Jämtland Härjedalen,345,4316,3,37,7,94,264,3299
2020,53,Jämtland Härjedalen,402,4718,4,41,7,101,307,3607
2021,1,Jämtland Härjedalen,404,5122,1,42,3,104,308,3905
2021,2,Jämtland Härjedalen,269,5391,1,43,1,105,205,4110
2021,3,Jämtland Härjedalen,248,5639,2,45,2,107,189,4299
2021,4,Jämtland Härjedalen,215,5854,0,45,2,109,164,4463
2021,5,Jämtland Härjedalen,251,6105,0,45,4,113,191,4655
2021,6,Jämtland Härjedalen,222,6327,2,47,3,116,169,4824
2021,7,Jämtland Härjedalen,264,6591,0,47,1,117,201,5025
2021,8,Jämtland Härjedalen,330,6921,0,47,0,117,252,5277
2021,9,Jämtland Härjedalen,365,7286,1,48,0,117,278,5555
2021,10,Jämtland Härjedalen,370,7656,0,48,0,117,282,5837
2021,11,Jämtland Härjedalen,433,8089,1,49,0,117,330,6168
2021,12,Jämtland Härjedalen,358,8447,1,50,2,119,273,6440
2021,13,Jämtland Härjedalen,403,8850,0,50,1,120,307,6748
2021,14,Jämtland Härjedalen,617,9467,0,50,0,120,470,7218
2021,15,Jämtland Härjedalen,590,10057,4,54,0,120,450,7668
2021,16,Jämtland Härjedalen,520,10577,4,58,0,120,396,8065
2021,17,Jämtland Härjedalen,494,11071,5,63,2,122,377,8441
2021,18,Jämtland Härjedalen,519,11590,1,64,1,123,396,8837
2021,19,Jämtland Härjedalen,369,11959,1,65,0,123,281,9118
2021,20,Jämtland Härjedalen,290,12249,1,66,0,123,221,9339
2021,21,Jämtland Härjedalen,136,12385,2,68,1,124,104,9443
2021,22,Jämtland Härjedalen,75,12460,0,68,1,125,57,9500
2021,23,Jämtland Härjedalen,34,12494,0,68,0,125,26,9526
2021,24,Jämtland Härjedalen,6,12500,0,68,1,126,5,9531
2021,25,Jämtland Härjedalen,10,12510,0,68,0,126,8,9538
2021,26,Jämtland Härjedalen,9,12519,0,68,0,126,7,9545
2021,27,Jämtland Härjedalen,28,12547,0,68,0,126,21,9567
2021,28,Jämtland Härjedalen,7,12554,0,68,0,126,5,9572
2021,29,Jämtland Härjedalen,12,12566,0,68,0,126,9,9581
2021,30,Jämtland Härjedalen,45,12611,0,68,0,126,34,9615
2021,31,Jämtland Härjedalen,39,12650,1,69,0,126,30,9645
2021,32,Jämtland Härjedalen,68,12718,0,69,0,126,52,9697
2021,33,Jämtland Härjedalen,86,12804,0,69,0,126,66,9762
2021,34,Jämtland Härjedalen,58,12862,0,69,1,127,44,9807
2021,35,Jämtland Härjedalen,70,12932,0,69,1,128,53,9860
2021,36,Jämtland Härjedalen,57,12989,0,69,0,128,43,9904
2021,37,Jämtland Härjedalen,63,13052,0,69,0,128,48,9952
2021,38,Jämtland Härjedalen,32,13084,0,69,0,128,24,9976
2021,39,Jämtland Härjedalen,39,13123,1,70,0,128,30,10006
2020,1,Jönköping,0,0,0,0,0,0,0,0
2020,2,Jönköping,0,0,0,0,0,0,0,0
2020,3,Jönköping,0,0,0,0,0,0,0,0
2020,4,Jönköping,0,0,0,0,0,0,0,0
2020,5,Jönköping,0,0,0,0,0,0,0,0
2020,6,Jönköping,1,1,0,0,0,0,0,0
2020,7,Jönköping,0,1,0,0,0,0,0,0
2020,8,Jönköping,0,1,0,0,0,0,0,0
2020,9,Jönköping,1,2,0,0,0,0,0,1
2020,10,Jönköping,2,4,0,0,0,0,1,1
2020,11,Jönköping,37,41,1,1,0,0,10,11
2020,12,Jönköping,15,56,0,1,0,0,4,15
2020,13,Jönköping,56,112,9,10,8,8,15,31
2020,14,Jönköping,133,245,12,22,12,20,37,67
2020,15,Jönköping,105,350,10,32,13,33,29,96
2020,16,Jönköping,153,503,6,38,13,46,42,138
2020,17,Jönköping,182,685,9,47,17,63,50,188
2020,18,Jönköping,160,845,5,52,23,86,44,232
2020,19,Jönköping,156,1001,4,56,21,107,43,275
2020,20,Jönköping,168,1169,4,60,18,125,46,322
2020,21,Jönköping,162,1331,6,66,8,133,45,366
2020,22,Jönköping,224,1555,7,73,9,142,62,428
2020,23,Jönköping,218,1773,5,78,6,148,60,488
2020,24,Jönköping,636,2409,3,81,9,157,175,663
2020,25,Jönköping,767,3176,5,86,7,164,211,873
2020,26,Jönköping,786,3962,5,91,7,171,216,1090
2020,27,Jönköping,339,4301,2,93,4,175,93,1183
2020,28,Jönköping,177,4478,1,94,4,179,49,1232
2020,29,Jönköping,105,4583,0,94,0,179,29,1260
2020,30,Jönköping,60,4643,1,95,0,179,17,1277
2020,31,Jönköping,63,4706,0,95,1,180,17,1294
2020,32,Jönköping,81,4787,0,95,0,180,22,1317
2020,33,Jönköping,68,4855,0,95,1,181,19,1335
2020,34,Jönköping,62,4917,0,95,0,181,17,1352
2020,35,Jönköping,32,4949,0,95,0,181,9,1361
2020,36,Jönköping,78,5027,1,96,0,181,21,1383
2020,37,Jönköping,132,5159,0,96,1,182,36,1419
2020,38,Jönköping,105,5264,0,96,0,182,29,1448
2020,39,Jönköping,96,5360,0,96,1,183,26,1474
2020,40,Jönköping,114,5474,0,96,0,183,31,1506
2020,41,Jönköping,198,5672,1,97,0,183,54,1560
2020,42,Jönköping,274,5946,1,98,0,183,75,1635
2020,43,Jönköping,271,6217,4,102,2,185,75,1710
2020,44,Jönköping,892,7109,4,106,0,185,245,1955
2020,45,Jönköping,1078,8187,5,111,4,189,296,2252
2020,46,Jönköping,1280,9467,7,118,6,195,352,2604
2020,47,Jönköping,1297,10764,4,122,25,220,357,2960
2020,48,Jönköping,1063,11827,10,132,18,238,292,3253
2020,49,Jönköping,1061,12888,11,143,22,260,292,3545
2020,50,Jönköping,1215,14103,7,150,26,286,334,3879
2020,51,Jönköping,1428,15531,8,158,27,313,393,4271
2020,52,Jönköping,1167,16698,12,170,29,342,321,4592
2020,53,Jönköping,1401,18099,8,178,38,380,385,4978
2021,1,Jönköping,1396,19495,11,189,23,403,382,5341
2021,2,Jönköping,1044,20539,11,200,31,434,286,5627
2021,3,Jönköping,1021,21560,9,209,19,453,280,5907
2021,4,Jönköping,1036,22596,4,213,20,473,284,6191
2021,5,Jönköping,941,23537,3,216,14,487,258,6448
2021,6,Jönköping,1065,24602,8,224,5,492,292,6740
2021,7,Jönköping,1079,25681,10,234,11,503,296,7036
2021,8,Jönköping,1196,26877,8,242,10,513,328,7363
2021,9,Jönköping,1136,28013,7,249,4,517,311,7675
2021,10,Jönköping,1401,29414,10,259,7,524,384,8058
2021,11,Jönköping,1655,31069,7,266,5,529,453,8512
2021,12,Jönköping,1731,32800,9,275,3,532,474,8986
2021,13,Jönköping,1546,34346,8,283,4,536,424,9410
2021,14,Jönköping,1621,35967,10,293,3,539,444,9854
2021,15,Jönköping,1326,37293,9,302,4,543,363,10217
2021,16,Jönköping,1108,38401,8,310,2,545,304,10521
2021,17,Jönköping,1170,39571,7,317,0,545,321,10841
2021,18,Jönköping,1204,40775,3,320,4,549,330,11171
2021,19,Jönköping,801,41576,5,325,1,550,219,11390
2021,20,Jönköping,679,42255,3,328,1,551,186,11576
2021,21,Jönköping,263,42518,0,328,1,552,72,11648
2021,22,Jönköping,532,43050,0,328,0,552,146,11794
2021,23,Jönköping,211,43261,2,330,0,552,58,11852
2021,24,Jönköping,133,43394,1,331,0,552,36,11888
2021,25,Jönköping,101,43495,1,332,0,552,28,11916
2021,26,Jönköping,81,43576,0,332,1,553,22,11938
2021,27,Jönköping,68,43644,0,332,0,553,19,11957
2021,28,Jönköping,44,43688,2,334,1,554,12,11969
2021,29,Jönköping,49,43737,1,335,0,554,13,11982
2021,30,Jönköping,58,43795,1,336,2,556,16,11998
2021,31,Jönköping,106,43901,1,337,1,557,29,12027
2021,32,Jönköping,143,44044,0,337,0,557,39,12067
2021,33,Jönköping,232,44276,0,337,0,557,64,12130
2021,34,Jönköping,174,44450,2,339,0,557,48,12178
2021,35,Jönköping,223,44673,0,339,1,558,61,12239
2021,36,Jönköping,230,44903,0,339,2,560,63,12302
2021,37,Jönköping,215,45118,1,340,1,561,59,12361
2021,38,Jönköping,141,45259,0,340,0,561,39,12399
2021,39,Jönköping,150,45409,0,340,0,561,41,12440
2020,1,Kalmar,0,0,0,0,0,0,0,0
2020,2,Kalmar,0,0,0,0,0,0,0,0
2020,3,Kalmar,0,0,0,0,0,0,0,0
2020,4,Kalmar,0,0,0,0,0,0,0,0
2020,5,Kalmar,0,0,0,0,0,0,0,0
2020,6,Kalmar,0,0,0,0,0,0,0,0
2020,7,Kalmar,0,0,0,0,0,0,0,0
2020,8,Kalmar,0,0,0,0,0,0,0,0
2020,9,Kalmar,0,0,0,0,0,0,0,0
2020,10,Kalmar,0,0,0,0,0,0,0,0
2020,11,Kalmar,7,7,0,0,0,0,3,3
2020,12,Kalmar,5,12,0,0,0,0,2,5
2020,13,Kalmar,19,31,1,1,1,1,8,13
2020,14,Kalmar,21,52,4,5,2,3,9,21
2020,15,Kalmar,19,71,3,8,1,4,8,29
2020,16,Kalmar,28,99,5,13,3,7,11,40
2020,17,Kalmar,43,142,4,17,4,11,18,58
2020,18,Kalmar,40,182,2,19,7,18,16,74
2020,19,Kalmar,43,225,3,22,8,26,18,92
2020,20,Kalmar,30,255,1,23,6,32,12,104
2020,21,Kalmar,24,279,0,23,5,37,10,114
2020,22,Kalmar,73,352,1,24,5,42,30,143
2020,23,Kalmar,56,408,3,27,2,44,23,166
2020,24,Kalmar,71,479,1,28,2,46,29,195
2020,25,Kalmar,71,550,0,28,6,52,29,224
2020,26,Kalmar,63,613,1,29,2,54,26,250
2020,27,Kalmar,85,698,0,29,4,58,35,284
2020,28,Kalmar,34,732,1,30,2,60,14,298
2020,29,Kalmar,14,746,1,31,1,61,6,304
2020,30,Kalmar,17,763,0,31,0,61,7,311
2020,31,Kalmar,16,779,0,31,0,61,7,317
2020,32,Kalmar,14,793,0,31,0,61,6,323
2020,33,Kalmar,26,819,0,31,1,62,11,334
2020,34,Kalmar,41,860,0,31,0,62,17,350
2020,35,Kalmar,24,884,0,31,1,63,10,360
2020,36,Kalmar,9,893,0,31,0,63,4,364
2020,37,Kalmar,8,901,0,31,1,64,3,367
2020,38,Kalmar,11,912,0,31,0,64,4,372
2020,39,Kalmar,11,923,0,31,0,64,4,376
2020,40,Kalmar,14,937,0,31,0,64,6,382
2020,41,Kalmar,21,958,0,31,0,64,9,390
2020,42,Kalmar,37,995,0,31,0,64,15,405
2020,43,Kalmar,102,1097,0,31,0,64,42,447
2020,44,Kalmar,187,1284,0,31,0,64,76,523
2020,45,Kalmar,318,1602,1,32,3,67,130,653
2020,46,Kalmar,462,2064,1,33,5,72,188,841
2020,47,Kalmar,448,2512,1,34,6,78,183,1023
2020,48,Kalmar,658,3170,1,35,4,82,268,1292
2020,49,Kalmar,618,3788,4,39,13,95,252,1543
2020,50,Kalmar,729,4517,2,41,8,103,297,1840
2020,51,Kalmar,846,5363,2,43,11,114,345,2185
2020,52,Kalmar,764,6127,2,45,8,122,311,2496
2020,53,Kalmar,920,7047,3,48,18,140,375,2871
2021,1,Kalmar,1078,8125,7,55,12,152,438,3303
2021,2,Kalmar,725,8850,3,58,17,169,295,3597
2021,3,Kalmar,559,9409,1,59,12,181,227,3825
2021,4,Kalmar,429,9838,1,60,17,198,174,3999
2021,5,Kalmar,350,10188,1,61,6,204,142,4141
2021,6,Kalmar,300,10488,2,63,6,210,122,4263
2021,7,Kalmar,439,10927,0,63,0,210,178,4442
2021,8,Kalmar,545,11472,3,66,1,211,222,4663
2021,9,Kalmar,625,12097,3,69,2,213,254,4917
2021,10,Kalmar,613,12710,1,70,3,216,249,5166
2021,11,Kalmar,852,13562,2,72,1,217,346,5513
2021,12,Kalmar,1281,14843,2,74,1,218,521,6033
2021,13,Kalmar,1126,15969,7,81,1,219,458,6491
2021,14,Kalmar,1374,17343,4,85,6,225,559,7050
2021,15,Kalmar,1344,18687,6,91,4,229,546,7596
2021,16,Kalmar,1195,19882,6,97,4,233,486,8082
2021,17,Kalmar,1219,21101,3,100,1,234,496,8577
2021,18,Kalmar,1198,22299,2,102,2,236,487,9064
2021,19,Kalmar,768,23067,1,103,1,237,312,9376
2021,20,Kalmar,505,23572,1,104,1,238,205,9582
2021,21,Kalmar,215,23787,0,104,0,238,87,9669
2021,22,Kalmar,247,24034,0,104,1,239,100,9770
2021,23,Kalmar,104,24138,0,104,0,239,42,9812
2021,24,Kalmar,96,24234,0,104,0,239,39,9851
2021,25,Kalmar,47,24281,0,104,0,239,19,9870
2021,26,Kalmar,22,24303,0,104,0,239,9,9879
2021,27,Kalmar,22,24325,0,104,0,239,9,9888
2021,28,Kalmar,23,24348,0,104,0,239,9,9897
2021,29,Kalmar,44,24392,0,104,0,239,18,9915
2021,30,Kalmar,47,24439,0,104,0,239,19,9934
2021,31,Kalmar,46,24485,0,104,0,239,19,9953
2021,32,Kalmar,79,24564,0,104,0,239,32,9985
2021,33,Kalmar,138,24702,0,104,0,239,56,10041
2021,34,Kalmar,128,24830,0,104,0,239,52,10093
2021,35,Kalmar,147,24977,0,104,1,240,60,10153
2021,36,Kalmar,129,25106,0,104,1,241,52,10205
2021,37,Kalmar,101,25207,0,104,0,241,41,10246
2021,38,Kalmar,41,25248,0,104,0,241,17,10263
2021,39,Kalmar,75,25323,0,104,0,241,30,10293
2020,1,Kronoberg,0,0,0,0,0,0,0,0
2020,2,Kronoberg,0,0,0,0,0,0,0,0
2020,3,Kronoberg,0,0,0,0,0,0,0,0
2020,4,Kronoberg,0,0,0,0,0,0,0,0
2020,5,Kronoberg,0,0,0,0,0,0,0,0
2020,6,Kronoberg,0,0,0,0,0,0,0,0
2020,7,Kronoberg,0,0,0,0,0,0,0,0
2020,8,Kronoberg,0,0,0,0,0,0,0,0
2020,9,Kronoberg,0,0,0,0,0,0,0,0
2020,10,Kronoberg,0,0,0,0,0,0,0,0
2020,11,Kronoberg,15,15,0,0,0,0,7,7
2020,12,Kronoberg,3,18,0,0,0,0,1,9
2020,13,Kronoberg,15,33,0,0,0,0,7,16
2020,14,Kronoberg,21,54,1,1,1,1,10,27
2020,15,Kronoberg,47,101,0,1,1,2,23,50
2020,16,Kronoberg,75,176,2,3,8,10,37,87
2020,17,Kronoberg,88,264,4,7,8,18,44,131
2020,18,Kronoberg,91,355,1,8,8,26,45,176
2020,19,Kronoberg,147,502,2,10,13,39,73,249
2020,20,Kronoberg,129,631,2,12,9,48,64,313
2020,21,Kronoberg,115,746,3,15,12,60,57,370
2020,22,Kronoberg,105,851,2,17,10,70,52,422
2020,23,Kronoberg,81,932,0,17,9,79,40,463
2020,24,Kronoberg,73,1005,2,19,5,84,36,499
2020,25,Kronoberg,34,1039,2,21,4,88,17,516
2020,26,Kronoberg,25,1064,1,22,5,93,12,528
2020,27,Kronoberg,10,1074,1,23,2,95,5,533
2020,28,Kronoberg,19,1093,0,23,1,96,9,543
2020,29,Kronoberg,27,1120,0,23,0,96,13,556
2020,30,Kronoberg,19,1139,0,23,1,97,9,565
2020,31,Kronoberg,28,1167,0,23,2,99,14,579
2020,32,Kronoberg,62,1229,0,23,1,100,31,610
2020,33,Kronoberg,90,1319,0,23,1,101,45,655
2020,34,Kronoberg,46,1365,0,23,2,103,23,678
2020,35,Kronoberg,43,1408,0,23,0,103,21,699
2020,36,Kronoberg,38,1446,0,23,0,103,19,718
2020,37,Kronoberg,60,1506,0,23,2,105,30,748
2020,38,Kronoberg,88,1594,1,24,1,106,44,791
2020,39,Kronoberg,112,1706,0,24,1,107,56,847
2020,40,Kronoberg,76,1782,0,24,0,107,38,885
2020,41,Kronoberg,69,1851,0,24,1,108,34,919
2020,42,Kronoberg,121,1972,1,25,2,110,60,979
2020,43,Kronoberg,312,2284,2,27,6,116,155,1134
2020,44,Kronoberg,466,2750,1,28,9,125,231,1365
2020,45,Kronoberg,706,3456,3,31,7,132,350,1715
2020,46,Kronoberg,725,4181,1,32,6,138,360,2075
2020,47,Kronoberg,555,4736,5,37,7,145,275,2351
2020,48,Kronoberg,623,5359,1,38,8,153,309,2660
2020,49,Kronoberg,541,5900,3,41,2,155,269,2928
2020,50,Kronoberg,711,6611,2,43,11,166,353,3281
2020,51,Kronoberg,938,7549,5,48,13,179,466,3747
2020,52,Kronoberg,748,8297,5,53,21,200,371,4118
2020,53,Kronoberg,988,9285,6,59,15,215,490,4609
2021,1,Kronoberg,1037,10322,6,65,18,233,513,5103
2021,2,Kronoberg,683,11005,4,69,25,258,338,5441
2021,3,Kronoberg,628,11633,2,71,13,271,310,5751
2021,4,Kronoberg,603,12236,3,74,7,278,298,6050
2021,5,Kronoberg,464,12700,3,77,5,283,229,6279
2021,6,Kronoberg,509,13209,4,81,2,285,252,6531
2021,7,Kronoberg,453,13662,2,83,7,292,224,6755
2021,8,Kronoberg,343,14005,4,87,3,295,170,6924
2021,9,Kronoberg,310,14315,5,92,4,299,153,7077
2021,10,Kronoberg,226,14541,1,93,1,300,112,7189
2021,11,Kronoberg,320,14861,1,94,0,300,158,7347
2021,12,Kronoberg,327,15188,0,94,0,300,162,7509
2021,13,Kronoberg,455,15643,4,98,0,300,225,7734
2021,14,Kronoberg,706,16349,6,104,2,302,349,8083
2021,15,Kronoberg,805,17154,2,106,2,304,398,8481
2021,16,Kronoberg,989,18143,2,108,2,306,489,8970
2021,17,Kronoberg,1046,19189,3,111,4,310,517,9487
2021,18,Kronoberg,1081,20270,2,113,6,316,534,10022
2021,19,Kronoberg,821,21091,5,118,1,317,406,10428
2021,20,Kronoberg,450,21541,0,118,0,317,222,10650
2021,21,Kronoberg,276,21817,1,119,2,319,136,10786
2021,22,Kronoberg,187,22004,0,119,2,321,92,10879
2021,23,Kronoberg,172,22176,0,119,1,322,85,10964
2021,24,Kronoberg,101,22277,0,119,0,322,50,11014
2021,25,Kronoberg,84,22361,0,119,0,322,42,11055
2021,26,Kronoberg,56,22417,0,119,0,322,28,11083
2021,27,Kronoberg,26,22443,1,120,0,322,13,11096
2021,28,Kronoberg,37,22480,0,120,0,322,18,11114
2021,29,Kronoberg,56,22536,0,120,0,322,28,11142
2021,30,Kronoberg,34,22570,0,120,0,322,17,11159
2021,31,Kronoberg,55,22625,1,121,0,322,27,11186
2021,32,Kronoberg,54,22679,0,121,0,322,27,11213
2021,33,Kronoberg,81,22760,0,121,0,322,40,11253
2021,34,Kronoberg,136,22896,1,122,0,322,67,11320
2021,35,Kronoberg,170,23066,1,123,0,322,84,11404
2021,36,Kronoberg,175,23241,1,124,1,323,87,11490
2021,37,Kronoberg,90,23331,0,124,0,323,44,11535
2021,38,Kronoberg,53,23384,0,124,0,323,26,11561
2021,39,Kronoberg,55,23439,0,124,0,323,27,11588
2020,1,Norrbotten,0,0,0,0,0,0,0,0
2020,2,Norrbotten,0,0,0,0,0,0,0,0
2020,3,Norrbotten,0,0,0,0,0,0,0,0
2020,4,Norrbotten,0,0,0,0,0,0,0,0
2020,5,Norrbotten,0,0,0,0,0,0,0,0
2020,6,Norrbotten,0,0,0,0,0,0,0,0
2020,7,Norrbotten,0,0,0,0,0,0,0,0
2020,8,Norrbotten,0,0,0,0,0,0,0,0
2020,9,Norrbotten,0,0,0,0,0,0,0,0
2020,10,Norrbotten,0,0,0,0,0,0,0,0
2020,11,Norrbotten,6,6,0,0,0,0,2,2
2020,12,Norrbotten,14,20,3,3,0,0,6,8
2020,13,Norrbotten,29,49,5,8,2,2,12,20
2020,14,Norrbotten,35,84,5,13,3,5,14,34
2020,15,Norrbotten,54,138,5,18,9,14,22,55
2020,16,Norrbotten,55,193,5,23,11,25,22,77
2020,17,Norrbotten,41,234,5,28,6,31,16,94
2020,18,Norrbotten,36,270,3,31,5,36,14,108
2020,19,Norrbotten,30,300,3,34,4,40,12,120
2020,20,Norrbotten,38,338,2,36,0,40,15,135
2020,21,Norrbotten,22,360,1,37,3,43,9,144
2020,22,Norrbotten,56,416,0,37,6,49,22,166
2020,23,Norrbotten,88,504,3,40,6,55,35,202
2020,24,Norrbotten,182,686,3,43,5,60,73,274
2020,25,Norrbotten,256,942,5,48,7,67,102,377
2020,26,Norrbotten,341,1283,3,51,2,69,136,513
2020,27,Norrbotten,110,1393,2,53,3,72,44,557
2020,28,Norrbotten,101,1494,0,53,6,78,40,597
2020,29,Norrbotten,45,1539,1,54,3,81,18,615
2020,30,Norrbotten,39,1578,1,55,5,86,16,631
2020,31,Norrbotten,25,1603,3,58,0,86,10,641
2020,32,Norrbotten,24,1627,1,59,1,87,10,651
2020,33,Norrbotten,24,1651,1,60,2,89,10,660
2020,34,Norrbotten,7,1658,0,60,0,89,3,663
2020,35,Norrbotten,10,1668,0,60,0,89,4,667
2020,36,Norrbotten,5,1673,0,60,0,89,2,669
2020,37,Norrbotten,7,1680,0,60,0,89,3,672
2020,38,Norrbotten,15,1695,0,60,0,89,6,678
2020,39,Norrbotten,28,1723,0,60,0,89,11,689
2020,40,Norrbotten,74,1797,1,61,0,89,30,719
2020,41,Norrbotten,96,1893,2,63,0,89,38,757
2020,42,Norrbotten,92,1985,1,64,0,89,37,794
2020,43,Norrbotten,125,2110,3,67,0,89,50,844
2020,44,Norrbotten,225,2335,1,68,0,89,90,934
2020,45,Norrbotten,538,2873,1,69,1,90,215,1149
2020,46,Norrbotten,589,3462,4,73,4,94,236,1384
2020,47,Norrbotten,736,4198,2,75,5,99,294,1679
2020,48,Norrbotten,904,5102,7,82,7,106,361,2040
2020,49,Norrbotten,678,5780,6,88,12,118,271,2311
2020,50,Norrbotten,715,6495,3,91,8,126,286,2597
2020,51,Norrbotten,560,7055,1,92,8,134,224,2821
2020,52,Norrbotten,430,7485,1,93,3,137,172,2993
2020,53,Norrbotten,515,8000,4,97,9,146,206,3199
2021,1,Norrbotten,539,8539,3,100,8,154,216,3421
2021,2,Norrbotten,636,9175,5,105,11,165,255,3676
2021,3,Norrbotten,578,9753,2,107,21,186,232,3907
2021,4,Norrbotten,463,10216,0,107,13,199,185,4093
2021,5,Norrbotten,458,10674,4,111,9,208,183,4276
2021,6,Norrbotten,485,11159,4,115,7,215,194,4471
2021,7,Norrbotten,740,11899,6,121,3,218,296,4767
2021,8,Norrbotten,825,12724,5,126,2,220,331,5097
2021,9,Norrbotten,1117,13841,2,128,8,228,447,5545
2021,10,Norrbotten,734,14575,8,136,5,233,294,5839
2021,11,Norrbotten,979,15554,3,139,3,236,392,6231
2021,12,Norrbotten,649,16203,7,146,2,238,260,6491
2021,13,Norrbotten,945,17148,4,150,4,242,379,6870
2021,14,Norrbotten,1051,18199,4,154,5,247,421,7291
2021,15,Norrbotten,1085,19284,11,165,1,248,435,7726
2021,16,Norrbotten,918,20202,7,172,2,250,368,8093
2021,17,Norrbotten,945,21147,6,178,4,254,379,8472
2021,18,Norrbotten,1047,22194,7,185,3,257,419,8891
2021,19,Norrbotten,1019,23213,4,189,4,261,408,9300
2021,20,Norrbotten,1007,24220,3,192,2,263,403,9703
2021,21,Norrbotten,618,24838,9,201,5,268,248,9951
2021,22,Norrbotten,593,25431,4,205,1,269,238,10188
2021,23,Norrbotten,355,25786,4,209,1,270,142,10330
2021,24,Norrbotten,450,26236,1,210,1,271,180,10511
2021,25,Norrbotten,279,26515,0,210,0,271,112,10622
2021,26,Norrbotten,127,26642,1,211,1,272,51,10673
2021,27,Norrbotten,41,26683,0,211,1,273,16,10690
2021,28,Norrbotten,49,26732,2,213,0,273,20,10709
2021,29,Norrbotten,44,26776,0,213,1,274,18,10727
2021,30,Norrbotten,101,26877,0,213,0,274,40,10767
2021,31,Norrbotten,58,26935,1,214,1,275,23,10791
2021,32,Norrbotten,67,27002,0,214,0,275,27,10818
2021,33,Norrbotten,61,27063,0,214,0,275,24,10842
2021,34,Norrbotten,15,27078,0,214,0,275,6,10848
2021,35,Norrbotten,46,27124,1,215,0,275,18,10866
2021,36,Norrbotten,79,27203,0,215,1,276,32,10898
2021,37,Norrbotten,47,27250,1,216,9,285,19,10917
2021,38,Norrbotten,104,27354,1,217,1,286,42,10959
2021,39,Norrbotten,131,27485,0,217,0,286,52,11011
2020,1,Skåne,0,0,0,0,0,0,0,0
2020,2,Skåne,0,0,0,0,0,0,0,0
2020,3,Skåne,0,0,0,0,0,0,0,0
2020,4,Skåne,0,0,0,0,0,0,0,0
2020,5,Skåne,0,0,0,0,0,0,0,0
2020,6,Skåne,0,0,0,0,0,0,0,0
2020,7,Skåne,0,0,0,0,0,0,0,0
2020,8,Skåne,0,0,0,0,0,0,0,0
2020,9,Skåne,0,0,0,0,0,0,0,0
2020,10,Skåne,22,22,0,0,0,0,2,2
2020,11,Skåne,177,199,4,4,0,0,13,14
2020,12,Skåne,32,231,4,8,2,2,2,17
2020,13,Skåne,46,277,6,14,5,7,3,20
2020,14,Skåne,70,347,9,23,8,15,5,25
2020,15,Skåne,99,446,14,37,17,32,7,32
2020,16,Skåne,100,546,12,49,25,57,7,40
2020,17,Skåne,131,677,9,58,12,69,10,49
2020,18,Skåne,181,858,9,67,23,92,13,62
2020,19,Skåne,200,1058,7,74,29,121,15,77
2020,20,Skåne,198,1256,2,76,19,140,14,91
2020,21,Skåne,233,1489,11,87,32,172,17,108
2020,22,Skåne,254,1743,5,92,24,196,18,127
2020,23,Skåne,251,1994,8,100,13,209,18,145
2020,24,Skåne,303,2297,7,107,19,228,22,167
2020,25,Skåne,412,2709,0,107,11,239,30,197
2020,26,Skåne,310,3019,3,110,9,248,22,219
2020,27,Skåne,128,3147,0,110,7,255,9,228
2020,28,Skåne,124,3271,1,111,2,257,9,237
2020,29,Skåne,154,3425,0,111,3,260,11,249
2020,30,Skåne,141,3566,2,113,1,261,10,259
2020,31,Skåne,155,3721,0,113,0,261,11,270
2020,32,Skåne,184,3905,4,117,5,266,13,283
2020,33,Skåne,248,4153,2,119,1,267,18,301
2020,34,Skåne,299,4452,0,119,3,270,22,323
2020,35,Skåne,287,4739,0,119,1,271,21,344
2020,36,Skåne,198,4937,0,119,3,274,14,358
2020,37,Skåne,218,5155,2,121,0,274,16,374
2020,38,Skåne,291,5446,1,122,3,277,21,395
2020,39,Skåne,260,5706,1,123,0,277,19,414
2020,40,Skåne,413,6119,1,124,3,280,30,444
2020,41,Skåne,365,6484,2,126,0,280,26,471
2020,42,Skåne,633,7117,1,127,3,283,46,517
2020,43,Skåne,1318,8435,4,131,6,289,96,612
2020,44,Skåne,2232,10667,5,136,15,304,162,774
2020,45,Skåne,2721,13388,15,151,32,336,197,972
2020,46,Skåne,4574,17962,10,161,32,368,332,1304
2020,47,Skåne,4336,22298,14,175,50,418,315,1618
2020,48,Skåne,5694,27992,17,192,60,478,413,2032
2020,49,Skåne,7249,35241,24,216,75,553,526,2558
2020,50,Skåne,9161,44402,12,228,69,622,665,3223
2020,51,Skåne,9342,53744,34,262,102,724,678,3901
2020,52,Skåne,8972,62716,30,292,115,839,651,4552
2020,53,Skåne,9196,71912,44,336,133,972,667,5219
2021,1,Skåne,10063,81975,23,359,151,1123,724,5900
2021,2,Skåne,7145,89120,27,386,141,1264,514,6415
2021,3,Skåne,5233,94353,26,412,118,1382,377,6791
2021,4,Skåne,4104,98457,21,433,70,1452,295,7087
2021,5,Skåne,3433,101890,15,448,49,1501,247,7334
2021,6,Skåne,3158,105048,10,458,32,1533,227,7561
2021,7,Skåne,3225,108273,7,465,37,1570,232,7793
2021,8,Skåne,2911,111184,13,478,26,1596,210,8003
2021,9,Skåne,2879,114063,10,488,16,1612,207,8210
2021,10,Skåne,2520,116583,10,498,14,1626,181,8391
2021,11,Skåne,2962,119545,11,509,10,1636,213,8604
2021,12,Skåne,3526,123071,7,516,10,1646,254,8858
2021,13,Skåne,3405,126476,10,526,8,1654,245,9103
2021,14,Skåne,4112,130588,16,542,12,1666,296,9399
2021,15,Skåne,3898,134486,14,556,10,1676,281,9680
2021,16,Skåne,3803,138289,14,570,7,1683,274,9954
2021,17,Skåne,4257,142546,13,583,16,1699,306,10260
2021,18,Skåne,4288,146834,22,605,12,1711,309,10569
2021,19,Skåne,3623,150457,10,615,20,1731,261,10829
2021,20,Skåne,2492,152949,7,622,11,1742,179,11009
2021,21,Skåne,774,153723,6,628,6,1748,56,11064
2021,22,Skåne,1343,155066,1,629,3,1751,97,11161
2021,23,Skåne,566,155632,3,632,3,1754,41,11202
2021,24,Skåne,344,155976,0,632,4,1758,25,11227
2021,25,Skåne,248,156224,0,632,0,1758,18,11245
2021,26,Skåne,203,156427,0,632,0,1758,15,11259
2021,27,Skåne,177,156604,0,632,0,1758,13,11272
2021,28,Skåne,288,156892,0,632,0,1758,21,11293
2021,29,Skåne,404,157296,1,633,1,1759,29,11322
2021,30,Skåne,464,157760,2,635,0,1759,33,11355
2021,31,Skåne,485,158245,2,637,1,1760,35,11390
2021,32,Skåne,640,158885,1,638,0,1760,46,11436
2021,33,Skåne,922,159807,1,639,0,1760,66,11502
2021,34,Skåne,1005,160812,1,640,3,1763,72,11575
2021,35,Skåne,1146,161958,6,646,3,1766,82,11657
2021,36,Skåne,1029,162987,2,648,6,1772,74,11731
2021,37,Skåne,755,163742,2,650,5,1777,54,11786
2021,38,Skåne,476,164218,4,654,1,1778,34,11820
2021,39,Skåne,407,164625,2,656,2,1780,29,11849
2020,1,Stockholm,0,0,0,0,0,0,0,0
2020,2,Stockholm,0,0,0,0,0,0,0,0
2020,3,Stockholm,0,0,0,0,0,0,0,0
2020,4,Stockholm,0,0,0,0,0,0,0,0
2020,5,Stockholm,0,0,0,0,0,0,0,0
2020,6,Stockholm,0,0,0,0,0,0,0,0
2020,7,Stockholm,0,0,0,0,0,0,0,0
2020,8,Stockholm,0,0,0,0,0,0,0,0
2020,9,Stockholm,4,4,0,0,0,0,0,0
2020,10,Stockholm,140,144,2,2,0,0,6,6
2020,11,Stockholm,230,374,7,9,4,4,10,16
2020,12,Stockholm,407,781,37,46,25,29,17,33
2020,13,Stockholm,962,1743,98,144,126,155,40,73
2020,14,Stockholm,1347,3090,124,268,253,408,57,130
2020,15,Stockholm,1416,4506,118,386,375,783,60,190
2020,16,Stockholm,1409,5915,101,487,316,1099,59,249
2020,17,Stockholm,1430,7345,80,567,264,1363,60,309
2020,18,Stockholm,1265,8610,64,631,237,1600,53,362
2020,19,Stockholm,1206,9816,51,682,188,1788,51,413
2020,20,Stockholm,1135,10951,46,728,142,1930,48,461
2020,21,Stockholm,902,11853,34,762,106,2036,38,499
2020,22,Stockholm,1191,13044,43,805,86,2122,50,549
2020,23,Stockholm,1203,14247,24,829,81,2203,51,599
2020,24,Stockholm,1375,15622,28,857,53,2256,58,657
2020,25,Stockholm,1730,17352,23,880,44,2300,73,730
2020,26,Stockholm,1609,18961,14,894,31,2331,68,798
2020,27,Stockholm,1130,20091,6,900,23,2354,48,845
2020,28,Stockholm,482,20573,2,902,11,2365,20,865
2020,29,Stockholm,395,20968,4,906,6,2371,17,882
2020,30,Stockholm,329,21297,1,907,7,2378,14,896
2020,31,Stockholm,295,21592,3,910,3,2381,12,908
2020,32,Stockholm,363,21955,6,916,3,2384,15,924
2020,33,Stockholm,416,22371,6,922,1,2385,18,941
2020,34,Stockholm,353,22724,2,924,3,2388,15,956
2020,35,Stockholm,239,22963,4,928,3,2391,10,966
2020,36,Stockholm,253,23216,1,929,2,2393,11,977
2020,37,Stockholm,305,23521,3,932,1,2394,13,989
2020,38,Stockholm,537,24058,0,932,2,2396,23,1012
2020,39,Stockholm,923,24981,4,936,2,2398,39,1051
2020,40,Stockholm,1252,26233,2,938,5,2403,53,1104
2020,41,Stockholm,1502,27735,4,942,9,2412,63,1167
2020,42,Stockholm,1656,29391,6,948,3,2415,70,1236
2020,43,Stockholm,2957,32348,9,957,12,2427,124,1361
2020,44,Stockholm,5749,38097,14,971,22,2449,242,1603
2020,45,Stockholm,7695,45792,36,1007,45,2494,324,1926
2020,46,Stockholm,9489,55281,42,1049,89,2583,399,2326
2020,47,Stockholm,9521,64802,44,1093,100,2683,401,2726
2020,48,Stockholm,11126,75928,57,1150,113,2796,468,3194
2020,49,Stockholm,10464,86392,52,1202,135,2931,440,3634
2020,50,Stockholm,11298,97690,57,1259,138,3069,475,4110
2020,51,Stockholm,10446,108136,36,1295,152,3221,439,4549
2020,52,Stockholm,7461,115597,52,1347,130,3351,314,4863
2020,53,Stockholm,6276,121873,40,1387,102,3453,264,5127
2021,1,Stockholm,5805,127678,36,1423,97,3550,243,5338
2021,2,Stockholm,3755,131433,31,1454,88,3638,157,5495
2021,3,Stockholm,3545,134978,22,1476,79,3717,148,5643
2021,4,Stockholm,3506,138484,19,1495,61,3778,147,5789
2021,5,Stockholm,3224,141708,26,1521,46,3824,135,5924
2021,6,Stockholm,3998,145706,14,1535,31,3855,167,6091
2021,7,Stockholm,5080,150786,20,1555,32,3887,212,6304
2021,8,Stockholm,6334,157120,30,1585,26,3913,265,6569
2021,9,Stockholm,6671,163791,39,1624,32,3945,279,6847
2021,10,Stockholm,7645,171436,39,1663,33,3978,320,7167
2021,11,Stockholm,8247,179683,57,1720,35,4013,345,7512
2021,12,Stockholm,9021,188704,45,1765,40,4053,377,7889
2021,13,Stockholm,9752,198456,51,1816,39,4092,408,8297
2021,14,Stockholm,9385,207841,74,1890,36,4128,392,8689
2021,15,Stockholm,9531,217372,45,1935,43,4171,398,9087
2021,16,Stockholm,8008,225380,50,1985,46,4217,335,9422
2021,17,Stockholm,8350,233730,48,2033,38,4255,349,9771
2021,18,Stockholm,7630,241360,38,2071,35,4290,319,10090
2021,19,Stockholm,5592,246952,22,2093,29,4319,234,10324
2021,20,Stockholm,3389,250341,21,2114,17,4336,142,10466
2021,21,Stockholm,1479,251820,10,2124,13,4349,62,10528
2021,22,Stockholm,1423,253243,6,2130,10,4359,59,10587
2021,23,Stockholm,710,253953,4,2134,3,4362,30,10617
2021,24,Stockholm,430,254383,3,2137,1,4363,18,10635
2021,25,Stockholm,318,254701,3,2140,1,4364,13,10648
2021,26,Stockholm,381,255082,1,2141,2,4366,16,10664
2021,27,Stockholm,451,255533,2,2143,0,4366,19,10683
2021,28,Stockholm,647,256180,0,2143,0,4366,27,10710
2021,29,Stockholm,1031,257211,2,2145,0,4366,43,10753
2021,30,Stockholm,1256,258467,4,2149,0,4366,53,10806
2021,31,Stockholm,1748,260215,1,2150,1,4367,73,10879
2021,32,Stockholm,2045,262260,3,2153,1,4368,85,10964
2021,33,Stockholm,2083,264343,10,2163,3,4371,87,11051
2021,34,Stockholm,1933,266276,11,2174,3,4374,81,11132
2021,35,Stockholm,2078,268354,12,2186,10,4384,87,11219
2021,36,Stockholm,2190,270544,12,2198,12,4396,92,11310
2021,37,Stockholm,1758,272302,12,2210,14,4410,73,11384
2021,38,Stockholm,1261,273563,9,2219,6,4416,53,11437
2021,39,Stockholm,1322,274885,3,2222,4,4420,55,11492
2020,1,Sörmland,0,0,0,0,0,0,0,0
2020,2,Sörmland,0,0,0,0,0,0,0,0
2020,3,Sörmland,0,0,0,0,0,0,0,0
2020,4,Sörmland,0,0,0,0,0,0,0,0
2020,5,Sörmland,0,0,0,0,0,0,0,0
2020,6,Sörmland,0,0,0,0,0,0,0,0
2020,7,Sörmland,0,0,0,0,0,0,0,0
2020,8,Sörmland,0,0,0,0,0,0,0,0
2020,9,Sörmland,0,0,0,0,0,0,0,0
2020,10,Sörmland,0,0,0,0,0,0,0,0
2020,11,Sörmland,21,21,2,2,0,0,7,7
2020,12,Sörmland,43,64,9,11,7,7,14,22
2020,13,Sörmland,107,171,18,29,13,20,36,57
2020,14,Sörmland,295,466,23,52,47,67,99,157
2020,15,Sörmland,208,674,26,78,51,118,70,227
2020,16,Sörmland,210,884,11,89,27,145,71,297
2020,17,Sörmland,211,1095,11,100,25,170,71,368
2020,18,Sörmland,187,1282,6,106,15,185,63,431
2020,19,Sörmland,131,1413,5,111,16,201,44,475
2020,20,Sörmland,83,1496,7,118,10,211,28,503
2020,21,Sörmland,74,1570,2,120,9,220,25,528
2020,22,Sörmland,89,1659,3,123,8,228,30,558
2020,23,Sörmland,97,1756,6,129,5,233,33,590
2020,24,Sörmland,142,1898,0,129,2,235,48,638
2020,25,Sörmland,103,2001,1,130,4,239,35,673
2020,26,Sörmland,174,2175,1,131,5,244,58,731
2020,27,Sörmland,73,2248,2,133,2,246,25,756
2020,28,Sörmland,67,2315,0,133,1,247,23,778
2020,29,Sörmland,45,2360,0,133,6,253,15,793
2020,30,Sörmland,18,2378,0,133,0,253,6,799
2020,31,Sörmland,9,2387,0,133,0,253,3,802
2020,32,Sörmland,12,2399,0,133,0,253,4,806
2020,33,Sörmland,16,2415,0,133,1,254,5,812
2020,34,Sörmland,9,2424,0,133,0,254,3,815
2020,35,Sörmland,10,2434,0,133,0,254,3,818
2020,36,Sörmland,2,2436,0,133,0,254,1,819
2020,37,Sörmland,16,2452,0,133,0,254,5,824
2020,38,Sörmland,23,2475,0,133,0,254,8,832
2020,39,Sörmland,39,2514,0,133,0,254,13,845
2020,40,Sörmland,38,2552,1,134,0,254,13,858
2020,41,Sörmland,54,2606,0,134,0,254,18,876
2020,42,Sörmland,99,2705,0,134,0,254,33,909
2020,43,Sörmland,136,2841,0,134,1,255,46,955
2020,44,Sörmland,395,3236,2,136,2,257,133,1088
2020,45,Sörmland,615,3851,6,142,3,260,207,1294
2020,46,Sörmland,719,4570,6,148,4,264,242,1536
2020,47,Sörmland,796,5366,9,157,9,273,268,1803
2020,48,Sörmland,609,5975,6,163,8,281,205,2008
2020,49,Sörmland,564,6539,5,168,6,287,190,2198
2020,50,Sörmland,708,7247,3,171,7,294,238,2436
2020,51,Sörmland,760,8007,10,181,14,308,255,2691
2020,52,Sörmland,743,8750,8,189,7,315,250,2941
2020,53,Sörmland,800,9550,5,194,13,328,269,3210
2021,1,Sörmland,838,10388,12,206,21,349,280,3470
2021,2,Sörmland,504,10892,7,213,18,367,168,3638
2021,3,Sörmland,412,11304,2,215,13,380,138,3776
2021,4,Sörmland,331,11635,2,217,4,384,111,3886
2021,5,Sörmland,321,11956,4,221,3,387,107,3993
2021,6,Sörmland,358,12314,3,224,5,392,120,4113
2021,7,Sörmland,458,12772,4,228,5,397,153,4266
2021,8,Sörmland,595,13367,3,231,3,400,199,4465
2021,9,Sörmland,694,14061,5,236,3,403,232,4696
2021,10,Sörmland,729,14790,7,243,6,409,243,4940
2021,11,Sörmland,989,15779,5,248,2,411,330,5270
2021,12,Sörmland,1178,16957,11,259,5,416,393,5664
2021,13,Sörmland,1344,18301,17,276,8,424,449,6113
2021,14,Sörmland,1492,19793,11,287,7,431,498,6611
2021,15,Sörmland,1275,21068,16,303,7,438,426,7037
2021,16,Sörmland,1039,22107,14,317,4,442,347,7384
2021,17,Sörmland,1001,23108,17,334,4,446,334,7718
2021,18,Sörmland,892,24000,11,345,3,449,298,8016
2021,19,Sörmland,743,24743,16,361,5,454,248,8264
2021,20,Sörmland,449,25192,5,366,1,455,150,8414
2021,21,Sörmland,299,25491,3,369,2,457,100,8514
2021,22,Sörmland,162,25653,3,372,3,460,54,8568
2021,23,Sörmland,72,25725,0,372,1,461,24,8592
2021,24,Sörmland,41,25766,1,373,3,464,14,8606
2021,25,Sörmland,29,25795,3,376,1,465,10,8616
2021,26,Sörmland,39,25834,1,377,1,466,13,8629
2021,27,Sörmland,37,25871,0,377,0,466,12,8641
2021,28,Sörmland,37,25908,0,377,1,467,12,8653
2021,29,Sörmland,32,25940,0,377,1,468,11,8664
2021,30,Sörmland,98,26038,0,377,0,468,33,8697
2021,31,Sörmland,89,26127,3,380,0,468,30,8726
2021,32,Sörmland,116,26243,3,383,0,468,39,8765
2021,33,Sörmland,116,26359,3,386,1,469,39,8804
2021,34,Sörmland,103,26462,0,386,1,470,34,8838
2021,35,Sörmland,171,26633,2,388,0,470,57,8895
2021,36,Sörmland,162,26795,1,389,1,471,54,8950
2021,37,Sörmland,86,26881,0,389,2,473,29,8978
2021,38,Sörmland,72,26953,1,390,0,473,24,9002
2021,39,Sörmland,119,27072,0,390,0,473,40,9042
2020,1,Uppsala,0,0,0,0,0,0,0,0
2020,2,Uppsala,0,0,0,0,0,0,0,0
2020,3,Uppsala,0,0,0,0,0,0,0,0
2020,4,Uppsala,0,0,0,0,0,0,0,0
2020,5,Uppsala,0,0,0,0,0,0,0,0
2020,6,Uppsala,0,0,0,0,0,0,0,0
2020,7,Uppsala,0,0,0,0,0,0,0,0
2020,8,Uppsala,0,0,0,0,0,0,0,0
2020,9,Uppsala,2,2,0,0,0,0,1,1
2020,10,Uppsala,5,7,0,0,0,0,1,2
2020,11,Uppsala,33,40,1,1,0,0,9,10
2020,12,Uppsala,37,77,2,3,3,3,10,20
2020,13,Uppsala,84,161,9,12,5,8,22,42
2020,14,Uppsala,147,308,14,26,16,24,38,80
2020,15,Uppsala,158,466,16,42,22,46,41,121
2020,16,Uppsala,200,666,18,60,24,70,52,174
2020,17,Uppsala,212,878,12,72,19,89,55,229
2020,18,Uppsala,188,1066,15,87,27,116,49,278
2020,19,Uppsala,248,1314,10,97,20,136,65,342
2020,20,Uppsala,180,1494,10,107,16,152,47,389
2020,21,Uppsala,195,1689,9,116,17,169,51,440
2020,22,Uppsala,245,1934,13,129,12,181,64,504
2020,23,Uppsala,309,2243,8,137,7,188,81,585
2020,24,Uppsala,247,2490,9,146,20,208,64,649
2020,25,Uppsala,317,2807,3,149,12,220,83,732
2020,26,Uppsala,400,3207,3,152,7,227,104,836
2020,27,Uppsala,184,3391,2,154,8,235,48,884
2020,28,Uppsala,61,3452,1,155,4,239,16,900
2020,29,Uppsala,60,3512,1,156,0,239,16,915
2020,30,Uppsala,22,3534,0,156,0,239,6,921
2020,31,Uppsala,40,3574,0,156,0,239,10,931
2020,32,Uppsala,53,3627,0,156,0,239,14,945
2020,33,Uppsala,51,3678,0,156,1,240,13,959
2020,34,Uppsala,64,3742,0,156,1,241,17,975
2020,35,Uppsala,35,3777,0,156,0,241,9,984
2020,36,Uppsala,34,3811,2,158,1,242,9,993
2020,37,Uppsala,75,3886,0,158,0,242,20,1013
2020,38,Uppsala,69,3955,0,158,0,242,18,1031
2020,39,Uppsala,105,4060,0,158,0,242,27,1058
2020,40,Uppsala,226,4286,3,161,0,242,59,1117
2020,41,Uppsala,285,4571,1,162,2,244,74,1191
2020,42,Uppsala,505,5076,4,166,3,247,132,1323
2020,43,Uppsala,349,5425,3,169,7,254,91,1414
2020,44,Uppsala,883,6308,3,172,4,258,230,1644
2020,45,Uppsala,1015,7323,6,178,8,266,265,1908
2020,46,Uppsala,1357,8680,8,186,11,277,354,2262
2020,47,Uppsala,1430,10110,8,194,12,289,373,2635
2020,48,Uppsala,1398,11508,5,199,21,310,364,2999
2020,49,Uppsala,1397,12905,5,204,18,328,364,3363
2020,50,Uppsala,1512,14417,7,211,14,342,394,3757
2020,51,Uppsala,1631,16048,6,217,22,364,425,4182
2020,52,Uppsala,1204,17252,5,222,16,380,314,4496
2020,53,Uppsala,1362,18614,8,230,23,403,355,4851
2021,1,Uppsala,1120,19734,4,234,15,418,288,5081
2021,2,Uppsala,690,20424,1,235,14,432,178,5259
2021,3,Uppsala,694,21118,1,236,18,450,179,5437
2021,4,Uppsala,560,21678,4,240,7,457,144,5581
2021,5,Uppsala,560,22238,0,240,12,469,144,5726
2021,6,Uppsala,710,22948,4,244,7,476,183,5908
2021,7,Uppsala,725,23673,3,247,3,479,187,6095
2021,8,Uppsala,730,24403,5,252,2,481,188,6283
2021,9,Uppsala,791,25194,5,257,3,484,204,6487
2021,10,Uppsala,911,26105,7,264,4,488,235,6721
2021,11,Uppsala,1245,27350,9,273,3,491,321,7042
2021,12,Uppsala,1429,28779,8,281,6,497,368,7410
2021,13,Uppsala,1702,30481,21,302,4,501,438,7848
2021,14,Uppsala,1800,32281,16,318,2,503,463,8311
2021,15,Uppsala,1764,34045,21,339,6,509,454,8766
2021,16,Uppsala,1639,35684,19,358,6,515,422,9188
2021,17,Uppsala,1356,37040,16,374,6,521,349,9537
2021,18,Uppsala,1197,38237,16,390,6,527,308,9845
2021,19,Uppsala,787,39024,3,393,5,532,203,10048
2021,20,Uppsala,487,39511,11,404,2,534,125,10173
2021,21,Uppsala,272,39783,6,410,0,534,70,10243
2021,22,Uppsala,399,40182,1,411,1,535,103,10346
2021,23,Uppsala,120,40302,2,413,0,535,31,10377
2021,24,Uppsala,95,40397,0,413,0,535,24,10401
2021,25,Uppsala,36,40433,0,413,1,536,9,10410
2021,26,Uppsala,55,40488,0,413,0,536,14,10424
2021,27,Uppsala,60,40548,0,413,1,537,15,10440
2021,28,Uppsala,52,40600,0,413,0,537,13,10453
2021,29,Uppsala,70,40670,0,413,0,537,18,10471
2021,30,Uppsala,86,40756,1,414,1,538,22,10493
2021,31,Uppsala,125,40881,1,415,0,538,32,10526
2021,32,Uppsala,157,41038,0,415,0,538,40,10566
2021,33,Uppsala,182,41220,0,415,0,538,47,10613
2021,34,Uppsala,169,41389,3,418,1,539,44,10656
2021,35,Uppsala,175,41564,2,420,0,539,45,10702
2021,36,Uppsala,196,41760,0,420,0,539,50,10752
2021,37,Uppsala,203,41963,1,421,4,543,52,10804
2021,38,Uppsala,141,42104,1,422,1,544,36,10841
2021,39,Uppsala,158,42262,0,422,0,544,41,10881
2020,1,Värmland,0,0,0,0,0,0,0,0
2020,2,Värmland,0,0,0,0,0,0,0,0
2020,3,Värmland,0,0,0,0,0,0,0,0
2020,4,Värmland,0,0,0,0,0,0,0,0
2020,5,Värmland,0,0,0,0,0,0,0,0
2020,6,Värmland,0,0,0,0,0,0,0,0
2020,7,Värmland,0,0,0,0,0,0,0,0
2020,8,Värmland,0,0,0,0,0,0,0,0
2020,9,Värmland,0,0,0,0,0,0,0,0
2020,10,Värmland,11,11,0,0,0,0,4,4
2020,11,Värmland,21,32,1,1,0,0,7,11
2020,12,Värmland,8,40,2,3,0,0,3,14
2020,13,Värmland,10,50,1,4,1,1,4,18
2020,14,Värmland,6,56,1,5,0,1,2,20
2020,15,Värmland,23,79,0,5,1,2,8,28
2020,16,Värmland,25,104,2,7,3,5,9,37
2020,17,Värmland,33,137,2,9,3,8,12,49
2020,18,Värmland,70,207,4,13,7,15,25,73
2020,19,Värmland,64,271,4,17,6,21,23,96
2020,20,Värmland,53,324,1,18,4,25,19,115
2020,21,Värmland,83,407,2,20,4,29,29,144
2020,22,Värmland,126,533,3,23,4,33,45,189
2020,23,Värmland,110,643,3,26,10,43,39,228
2020,24,Värmland,115,758,2,28,12,55,41,268
2020,25,Värmland,84,842,1,29,7,62,30,298
2020,26,Värmland,93,935,1,30,4,66,33,331
2020,27,Värmland,45,980,1,31,2,68,16,347
2020,28,Värmland,20,1000,1,32,3,71,7,354
2020,29,Värmland,9,1009,0,32,1,72,3,357
2020,30,Värmland,15,1024,0,32,1,73,5,363
2020,31,Värmland,14,1038,0,32,0,73,5,368
2020,32,Värmland,57,1095,0,32,0,73,20,388
2020,33,Värmland,46,1141,0,32,0,73,16,404
2020,34,Värmland,27,1168,1,33,0,73,10,414
2020,35,Värmland,12,1180,0,33,0,73,4,418
2020,36,Värmland,27,1207,0,33,0,73,10,427
2020,37,Värmland,20,1227,0,33,0,73,7,434
2020,38,Värmland,27,1254,0,33,0,73,10,444
2020,39,Värmland,21,1275,0,33,0,73,7,451
2020,40,Värmland,50,1325,0,33,1,74,18,469
2020,41,Värmland,34,1359,1,34,0,74,12,481
2020,42,Värmland,80,1439,0,34,1,75,28,510
2020,43,Värmland,116,1555,1,35,0,75,41,551
2020,44,Värmland,202,1757,1,36,1,76,72,622
2020,45,Värmland,359,2116,0,36,1,77,127,749
2020,46,Värmland,419,2535,0,36,1,78,148,898
2020,47,Värmland,465,3000,2,38,5,83,165,1062
2020,48,Värmland,467,3467,3,41,9,92,165,1228
2020,49,Värmland,552,4019,3,44,3,95,195,1423
2020,50,Värmland,633,4652,5,49,12,107,224,1647
2020,51,Värmland,646,5298,1,50,9,116,229,1876
2020,52,Värmland,500,5798,0,50,5,121,177,2053
2020,53,Värmland,613,6411,3,53,2,123,217,2270
2021,1,Värmland,433,6844,4,57,13,136,153,2419
2021,2,Värmland,344,7188,1,58,10,146,122,2541
2021,3,Värmland,266,7454,3,61,8,154,94,2635
2021,4,Värmland,307,7761,0,61,5,159,109,2744
2021,5,Värmland,349,8110,3,64,2,161,123,2867
2021,6,Värmland,342,8452,2,66,2,163,121,2988
2021,7,Värmland,410,8862,2,68,1,164,145,3133
2021,8,Värmland,383,9245,2,70,6,170,135,3268
2021,9,Värmland,576,9821,2,72,4,174,204,3472
2021,10,Värmland,638,10459,4,76,3,177,226,3697
2021,11,Värmland,756,11215,7,83,5,182,267,3965
2021,12,Värmland,859,12074,2,85,1,183,304,4268
2021,13,Värmland,902,12976,2,87,2,185,319,4587
2021,14,Värmland,1159,14135,2,89,4,189,410,4997
2021,15,Värmland,1066,15201,4,93,5,194,377,5374
2021,16,Värmland,941,16142,5,98,4,198,333,5706
2021,17,Värmland,783,16925,4,102,2,200,277,5983
2021,18,Värmland,709,17634,6,108,6,206,251,6234
2021,19,Värmland,417,18051,1,109,3,209,147,6381
2021,20,Värmland,312,18363,0,109,2,211,110,6491
2021,21,Värmland,213,18576,0,109,1,212,75,6567
2021,22,Värmland,456,19032,3,112,1,213,161,6728
2021,23,Värmland,465,19497,5,117,0,213,164,6892
2021,24,Värmland,325,19822,3,120,1,214,115,7007
2021,25,Värmland,236,20058,3,123,1,215,83,7091
2021,26,Värmland,186,20244,0,123,0,215,66,7156
2021,27,Värmland,58,20302,2,125,0,215,21,7177
2021,28,Värmland,48,20350,2,127,0,215,17,7194
2021,29,Värmland,72,20422,1,128,0,215,25,7219
2021,30,Värmland,73,20495,0,128,0,215,26,7245
2021,31,Värmland,156,20651,1,129,1,216,55,7300
2021,32,Värmland,140,20791,1,130,1,217,49,7350
2021,33,Värmland,122,20913,0,130,0,217,43,7393
2021,34,Värmland,128,21041,0,130,0,217,45,7438
2021,35,Värmland,129,21170,0,130,1,218,46,7484
2021,36,Värmland,113,21283,0,130,2,220,40,7524
2021,37,Värmland,54,21337,1,131,1,221,19,7543
2021,38,Värmland,66,21403,0,131,1,222,23,7566
2021,39,Värmland,33,21436,2,133,0,222,12,7578
2020,1,Västerbotten,0,0,0,0,0,0,0,0
2020,2,Västerbotten,0,0,0,0,0,0,0,0
2020,3,Västerbotten,0,0,0,0,0,0,0,0
2020,4,Västerbotten,0,0,0,0,0,0,0,0
2020,5,Västerbotten,0,0,0,0,0,0,0,0
2020,6,Västerbotten,0,0,0,0,0,0,0,0
2020,7,Västerbotten,0,0,0,0,0,0,0,0
2020,8,Västerbotten,0,0,0,0,0,0,0,0
2020,9,Västerbotten,0,0,0,0,0,0,0,0
2020,10,Västerbotten,0,0,0,0,0,0,0,0
2020,11,Västerbotten,13,13,0,0,0,0,5,5
2020,12,Västerbotten,16,29,3,3,0,0,6,11
2020,13,Västerbotten,18,47,2,5,0,0,7,17
2020,14,Västerbotten,74,121,5,10,0,0,27,45
2020,15,Västerbotten,58,179,4,14,7,7,21,66
2020,16,Västerbotten,56,235,4,18,5,12,21,86
2020,17,Västerbotten,59,294,3,21,3,15,22,108
2020,18,Västerbotten,35,329,0,21,1,16,13,121
2020,19,Västerbotten,35,364,1,22,2,18,13,134
2020,20,Västerbotten,52,416,2,24,3,21,19,153
2020,21,Västerbotten,49,465,2,26,4,25,18,171
2020,22,Västerbotten,35,500,2,28,2,27,13,184
2020,23,Västerbotten,35,535,1,29,3,30,13,197
2020,24,Västerbotten,40,575,1,30,0,30,15,212
2020,25,Västerbotten,51,626,0,30,1,31,19,230
2020,26,Västerbotten,61,687,1,31,0,31,22,253
2020,27,Västerbotten,34,721,0,31,0,31,13,265
2020,28,Västerbotten,13,734,0,31,0,31,5,270
2020,29,Västerbotten,24,758,1,32,0,31,9,279
2020,30,Västerbotten,8,766,0,32,0,31,3,282
2020,31,Västerbotten,18,784,1,33,0,31,7,289
2020,32,Västerbotten,8,792,0,33,0,31,3,291
2020,33,Västerbotten,42,834,0,33,0,31,15,307
2020,34,Västerbotten,14,848,0,33,0,31,5,312
2020,35,Västerbotten,13,861,0,33,0,31,5,317
2020,36,Västerbotten,7,868,0,33,0,31,3,319
2020,37,Västerbotten,23,891,0,33,0,31,8,328
2020,38,Västerbotten,42,933,0,33,0,31,15,343
2020,39,Västerbotten,96,1029,0,33,0,31,35,379
2020,40,Västerbotten,54,1083,0,33,0,31,20,399
2020,41,Västerbotten,58,1141,0,33,0,31,21,420
2020,42,Västerbotten,50,1191,0,33,0,31,18,438
2020,43,Västerbotten,71,1262,0,33,0,31,26,464
2020,44,Västerbotten,250,1512,0,33,0,31,92,556
2020,45,Västerbotten,635,2147,0,33,1,32,234,790
2020,46,Västerbotten,686,2833,2,35,2,34,252,1043
2020,47,Västerbotten,762,3595,3,38,9,43,280,1323
2020,48,Västerbotten,896,4491,6,44,14,57,330,1653
2020,49,Västerbotten,808,5299,4,48,7,64,297,1950
2020,50,Västerbotten,986,6285,2,50,10,74,363,2313
2020,51,Västerbotten,935,7220,3,53,5,79,344,2657
2020,52,Västerbotten,646,7866,2,55,10,89,238,2895
2020,53,Västerbotten,742,8608,5,60,12,101,273,3168
2021,1,Västerbotten,662,9270,4,64,10,111,242,3393
2021,2,Västerbotten,396,9666,0,64,5,116,145,3538
2021,3,Västerbotten,389,10055,0,64,3,119,142,3681
2021,4,Västerbotten,437,10492,3,67,2,121,160,3841
2021,5,Västerbotten,796,11288,6,73,2,123,291,4132
2021,6,Västerbotten,1033,12321,3,76,7,130,378,4510
2021,7,Västerbotten,1269,13590,8,84,3,133,465,4975
2021,8,Västerbotten,1153,14743,6,90,10,143,422,5397
2021,9,Västerbotten,1063,15806,9,99,5,148,389,5786
2021,10,Västerbotten,784,16590,12,111,7,155,287,6073
2021,11,Västerbotten,792,17382,4,115,8,163,290,6363
2021,12,Västerbotten,625,18007,5,120,5,168,229,6591
2021,13,Västerbotten,467,18474,5,125,5,173,171,6762
2021,14,Västerbotten,647,19121,5,130,2,175,237,6999
2021,15,Västerbotten,665,19786,4,134,4,179,243,7243
2021,16,Västerbotten,654,20440,5,139,0,179,239,7482
2021,17,Västerbotten,688,21128,5,144,1,180,252,7734
2021,18,Västerbotten,681,21809,2,146,0,180,249,7983
2021,19,Västerbotten,522,22331,1,147,2,182,191,8174
2021,20,Västerbotten,441,22772,2,149,0,182,161,8336
2021,21,Västerbotten,234,23006,2,151,0,182,86,8421
2021,22,Västerbotten,181,23187,1,152,0,182,66,8487
2021,23,Västerbotten,113,23300,0,152,0,182,41,8529
2021,24,Västerbotten,60,23360,0,152,0,182,22,8551
2021,25,Västerbotten,41,23401,1,153,0,182,15,8566
2021,26,Västerbotten,52,23453,0,153,0,182,19,8585
2021,27,Västerbotten,29,23482,0,153,0,182,11,8595
2021,28,Västerbotten,27,23509,0,153,0,182,10,8605
2021,29,Västerbotten,47,23556,0,153,0,182,17,8623
2021,30,Västerbotten,43,23599,0,153,0,182,16,8638
2021,31,Västerbotten,245,23844,0,153,0,182,90,8728
2021,32,Västerbotten,295,24139,1,154,0,182,108,8836
2021,33,Västerbotten,202,24341,0,154,0,182,74,8910
2021,34,Västerbotten,153,24494,0,154,0,182,56,8966
2021,35,Västerbotten,114,24608,0,154,1,183,42,9008
2021,36,Västerbotten,196,24804,0,154,1,184,72,9079
2021,37,Västerbotten,243,25047,0,154,3,187,89,9168
2021,38,Västerbotten,286,25333,0,154,3,190,105,9273
2021,39,Västerbotten,254,25587,1,155,2,192,93,9366
2020,1,Västernorrland,0,0,0,0,0,0,0,0
2020,2,Västernorrland,0,0,0,0,0,0,0,0
2020,3,Västernorrland,0,0,0,0,0,0,0,0
2020,4,Västernorrland,0,0,0,0,0,0,0,0
2020,5,Västernorrland,0,0,0,0,0,0,0,0
2020,6,Västernorrland,0,0,0,0,0,0,0,0
2020,7,Västernorrland,0,0,0,0,0,0,0,0
2020,8,Västernorrland,0,0,0,0,0,0,0,0
2020,9,Västernorrland,0,0,0,0,0,0,0,0
2020,10,Västernorrland,0,0,0,0,0,0,0,0
2020,11,Västernorrland,11,11,0,0,0,0,4,4
2020,12,Västernorrland,3,14,1,1,0,0,1,6
2020,13,Västernorrland,22,36,2,3,0,0,9,15
2020,14,Västernorrland,33,69,4,7,5,5,13,28
2020,15,Västernorrland,36,105,5,12,8,13,15,43
2020,16,Västernorrland,34,139,3,15,10,23,14,57
2020,17,Västernorrland,67,206,6,21,12,35,27,84
2020,18,Västernorrland,67,273,3,24,10,45,27,111
2020,19,Västernorrland,77,350,4,28,12,57,31,143
2020,20,Västernorrland,98,448,3,31,9,66,40,183
2020,21,Västernorrland,143,591,5,36,13,79,58,241
2020,22,Västernorrland,135,726,3,39,7,86,55,296
2020,23,Västernorrland,154,880,2,41,6,92,63,359
2020,24,Västernorrland,118,998,3,44,7,99,48,407
2020,25,Västernorrland,154,1152,4,48,11,110,63,470
2020,26,Västernorrland,157,1309,2,50,4,114,64,534
2020,27,Västernorrland,162,1471,1,51,4,118,66,600
2020,28,Västernorrland,118,1589,0,51,7,125,48,648
2020,29,Västernorrland,70,1659,0,51,3,128,29,676
2020,30,Västernorrland,59,1718,0,51,3,131,24,700
2020,31,Västernorrland,37,1755,0,51,1,132,15,715
2020,32,Västernorrland,40,1795,0,51,0,132,16,732
2020,33,Västernorrland,21,1816,0,51,1,133,9,740
2020,34,Västernorrland,27,1843,0,51,1,134,11,751
2020,35,Västernorrland,10,1853,0,51,1,135,4,755
2020,36,Västernorrland,6,1859,0,51,1,136,2,758
2020,37,Västernorrland,16,1875,0,51,0,136,7,764
2020,38,Västernorrland,18,1893,0,51,0,136,7,772
2020,39,Västernorrland,25,1918,0,51,0,136,10,782
2020,40,Västernorrland,30,1948,0,51,0,136,12,794
2020,41,Västernorrland,38,1986,0,51,1,137,15,809
2020,42,Västernorrland,41,2027,0,51,0,137,17,826
2020,43,Västernorrland,56,2083,0,51,0,137,23,849
2020,44,Västernorrland,129,2212,1,52,1,138,53,902
2020,45,Västernorrland,332,2544,0,52,1,139,135,1037
2020,46,Västernorrland,589,3133,2,54,4,143,240,1277
2020,47,Västernorrland,906,4039,5,59,8,151,369,1646
2020,48,Västernorrland,1205,5244,3,62,10,161,491,2137
2020,49,Västernorrland,1175,6419,6,68,21,182,479,2616
2020,50,Västernorrland,1208,7627,8,76,28,210,492,3109
2020,51,Västernorrland,1300,8927,2,78,30,240,530,3639
2020,52,Västernorrland,821,9748,8,86,27,267,335,3973
2020,53,Västernorrland,1000,10748,5,91,28,295,408,4381
2021,1,Västernorrland,748,11496,5,96,16,311,306,4701
2021,2,Västernorrland,617,12113,4,100,20,331,252,4953
2021,3,Västernorrland,519,12632,2,102,22,353,212,5165
2021,4,Västernorrland,512,13144,5,107,23,376,209,5375
2021,5,Västernorrland,571,13715,4,111,10,386,233,5608
2021,6,Västernorrland,470,14185,1,112,13,399,192,5800
2021,7,Västernorrland,400,14585,2,114,5,404,164,5964
2021,8,Västernorrland,382,14967,4,118,4,408,156,6120
2021,9,Västernorrland,422,15389,3,121,7,415,173,6293
2021,10,Västernorrland,513,15902,0,121,5,420,210,6502
2021,11,Västernorrland,643,16545,6,127,2,422,263,6765
2021,12,Västernorrland,812,17357,4,131,3,425,332,7097
2021,13,Västernorrland,1045,18402,2,133,10,435,427,7525
2021,14,Västernorrland,1425,19827,6,139,4,439,583,8107
2021,15,Västernorrland,1570,21397,9,148,12,451,642,8749
2021,16,Västernorrland,1512,22909,3,151,4,455,618,9368
2021,17,Västernorrland,1255,24164,4,155,5,460,513,9881
2021,18,Västernorrland,1074,25238,7,162,3,463,439,10320
2021,19,Västernorrland,644,25882,9,171,0,463,263,10583
2021,20,Västernorrland,417,26299,3,174,2,465,171,10754
2021,21,Västernorrland,245,26544,1,175,4,469,100,10854
2021,22,Västernorrland,173,26717,0,175,3,472,71,10925
2021,23,Västernorrland,75,26792,2,177,2,474,31,10955
2021,24,Västernorrland,31,26823,0,177,0,474,13,10968
2021,25,Västernorrland,21,26844,0,177,2,476,9,10977
2021,26,Västernorrland,30,26874,0,177,1,477,12,10989
2021,27,Västernorrland,19,26893,0,177,0,477,8,10997
2021,28,Västernorrland,12,26905,0,177,0,477,5,11002
2021,29,Västernorrland,27,26932,0,177,0,477,11,11013
2021,30,Västernorrland,50,26982,0,177,0,477,20,11033
2021,31,Västernorrland,57,27039,0,177,1,478,23,11056
2021,32,Västernorrland,69,27108,0,177,0,478,28,11085
2021,33,Västernorrland,67,27175,0,177,0,478,27,11112
2021,34,Västernorrland,70,27245,1,178,0,478,29,11141
2021,35,Västernorrland,72,27317,0,178,0,478,29,11170
2021,36,Västernorrland,62,27379,1,179,0,478,25,11195
2021,37,Västernorrland,64,27443,0,179,0,478,26,11222
2021,38,Västernorrland,31,27474,0,179,0,478,13,11234
2021,39,Västernorrland,30,27504,0,179,0,478,12,11247
2020,1,Västmanland,0,0,0,0,0,0,0,0
2020,2,Västmanland,0,0,0,0,0,0,0,0
2020,3,Västmanland,0,0,0,0,0,0,0,0
2020,4,Västmanland,0,0,0,0,0,0,0,0
2020,5,Västmanland,0,0,0,0,0,0,0,0
2020,6,Västmanland,0,0,0,0,0,0,0,0
2020,7,Västmanland,0,0,0,0,0,0,0,0
2020,8,Västmanland,0,0,0,0,0,0,0,0
2020,9,Västmanland,0,0,0,0,0,0,0,0
2020,10,Västmanland,0,0,0,0,0,0,0,0
2020,11,Västmanland,5,5,0,0,0,0,2,2
2020,12,Västmanland,16,21,0,0,0,0,6,8
2020,13,Västmanland,29,50,10,10,2,2,11,18
2020,14,Västmanland,110,160,5,15,11,13,40,58
2020,15,Västmanland,190,350,5,20,19,32,69,127
2020,16,Västmanland,165,515,5,25,46,78,60,187
2020,17,Västmanland,171,686,7,32,18,96,62,249
2020,18,Västmanland,120,806,4,36,14,110,44,292
2020,19,Västmanland,83,889,3,39,13,123,30,322
2020,20,Västmanland,116,1005,2,41,10,133,42,364
2020,21,Västmanland,115,1120,1,42,7,140,42,406
2020,22,Västmanland,144,1264,2,44,8,148,52,458
2020,23,Västmanland,173,1437,5,49,6,154,63,521
2020,24,Västmanland,282,1719,1,50,6,160,102,623
2020,25,Västmanland,268,1987,0,50,7,167,97,720
2020,26,Västmanland,212,2199,1,51,4,171,77,797
2020,27,Västmanland,177,2376,2,53,4,175,64,861
2020,28,Västmanland,100,2476,0,53,3,178,36,898
2020,29,Västmanland,50,2526,0,53,1,179,18,916
2020,30,Västmanland,35,2561,2,55,1,180,13,928
2020,31,Västmanland,39,2600,0,55,1,181,14,943
2020,32,Västmanland,39,2639,0,55,2,183,14,957
2020,33,Västmanland,41,2680,0,55,0,183,15,972
2020,34,Västmanland,36,2716,0,55,0,183,13,985
2020,35,Västmanland,21,2737,0,55,0,183,8,992
2020,36,Västmanland,32,2769,0,55,0,183,12,1004
2020,37,Västmanland,50,2819,0,55,0,183,18,1022
2020,38,Västmanland,56,2875,0,55,0,183,20,1042
2020,39,Västmanland,199,3074,0,55,0,183,72,1114
2020,40,Västmanland,123,3197,2,57,0,183,45,1159
2020,41,Västmanland,116,3313,0,57,0,183,42,1201
2020,42,Västmanland,120,3433,0,57,1,184,44,1245
2020,43,Västmanland,180,3613,2,59,1,185,65,1310
2020,44,Västmanland,468,4081,2,61,1,186,170,1479
2020,45,Västmanland,831,4912,0,61,2,188,301,1781
2020,46,Västmanland,1086,5998,4,65,4,192,394,2174
2020,47,Västmanland,1263,7261,2,67,9,201,458,2632
2020,48,Västmanland,1336,8597,1,68,13,214,484,3117
2020,49,Västmanland,1331,9928,2,70,23,237,483,3599
2020,50,Västmanland,1285,11213,6,76,13,250,466,4065
2020,51,Västmanland,1163,12376,3,79,15,265,422,4487
2020,52,Västmanland,1030,13406,3,82,16,281,373,4860
2020,53,Västmanland,867,14273,2,84,8,289,314,5174
2021,1,Västmanland,1081,15354,1,85,9,298,390,5540
2021,2,Västmanland,572,15926,1,86,4,302,206,5747
2021,3,Västmanland,540,16466,2,88,6,308,195,5941
2021,4,Västmanland,417,16883,0,88,8,316,150,6092
2021,5,Västmanland,345,17228,0,88,3,319,124,6216
2021,6,Västmanland,341,17569,0,88,8,327,123,6339
2021,7,Västmanland,369,17938,2,90,0,327,133,6473
2021,8,Västmanland,351,18289,0,90,4,331,127,6599
2021,9,Västmanland,468,18757,2,92,1,332,169,6768
2021,10,Västmanland,550,19307,0,92,2,334,198,6966
2021,11,Västmanland,597,19904,2,94,3,337,215,7182
2021,12,Västmanland,764,20668,2,96,2,339,276,7458
2021,13,Västmanland,834,21502,2,98,0,339,301,7759
2021,14,Västmanland,923,22425,3,101,1,340,333,8092
2021,15,Västmanland,922,23347,2,103,2,342,333,8424
2021,16,Västmanland,823,24170,2,105,3,345,297,8721
2021,17,Västmanland,745,24915,2,107,1,346,269,8990
2021,18,Västmanland,1010,25925,5,112,0,346,364,9354
2021,19,Västmanland,646,26571,3,115,2,348,233,9588
2021,20,Västmanland,402,26973,0,115,1,349,145,9733
2021,21,Västmanland,222,27195,1,116,0,349,80,9813
2021,22,Västmanland,153,27348,1,117,1,350,55,9868
2021,23,Västmanland,128,27476,0,117,0,350,46,9914
2021,24,Västmanland,79,27555,0,117,0,350,29,9943
2021,25,Västmanland,51,27606,0,117,2,352,18,9961
2021,26,Västmanland,28,27634,0,117,1,353,10,9971
2021,27,Västmanland,19,27653,1,118,0,353,7,9978
2021,28,Västmanland,16,27669,0,118,0,353,6,9984
2021,29,Västmanland,27,27696,0,118,0,353,10,9993
2021,30,Västmanland,75,27771,0,118,0,353,27,10021
2021,31,Västmanland,156,27927,0,118,1,354,56,10077
2021,32,Västmanland,192,28119,0,118,0,354,69,10146
2021,33,Västmanland,212,28331,0,118,1,355,76,10223
2021,34,Västmanland,215,28546,1,119,2,357,78,10300
2021,35,Västmanland,243,28789,0,119,1,358,88,10388
2021,36,Västmanland,210,28999,1,120,1,359,76,10464
2021,37,Västmanland,195,29194,1,121,0,359,70,10534
2021,38,Västmanland,187,29381,0,121,0,359,67,10601
2021,39,Västmanland,236,29617,0,121,0,359,85,10687
2020,1,Västra Götaland,0,0,0,0,0,0,0,0
2020,2,Västra Götaland,0,0,0,0,0,0,0,0
2020,3,Västra Götaland,0,0,0,0,0,0,0,0
2020,4,Västra Götaland,0,0,0,0,0,0,0,0
2020,5,Västra Götaland,0,0,0,0,0,0,0,0
2020,6,Västra Götaland,0,0,0,0,0,0,0,0
2020,7,Västra Götaland,0,0,0,0,0,0,0,0
2020,8,Västra Götaland,0,0,0,0,0,0,0,0
2020,9,Västra Götaland,6,6,0,0,0,0,0,0
2020,10,Västra Götaland,24,30,1,1,0,0,1,2
2020,11,Västra Götaland,146,176,0,1,1,1,8,10
2020,12,Västra Götaland,78,254,13,14,2,3,5,15
2020,13,Västra Götaland,116,370,25,39,6,9,7,21
2020,14,Västra Götaland,240,610,24,63,28,37,14,35
2020,15,Västra Götaland,444,1054,41,104,43,80,26,61
2020,16,Västra Götaland,421,1475,30,134,71,151,24,85
2020,17,Västra Götaland,611,2086,50,184,65,216,35,121
2020,18,Västra Götaland,623,2709,41,225,77,293,36,157
2020,19,Västra Götaland,851,3560,37,262,102,395,49,206
2020,20,Västra Götaland,828,4388,27,289,75,470,48,254
2020,21,Västra Götaland,732,5120,20,309,75,545,42,297
2020,22,Västra Götaland,873,5993,27,336,54,599,51,347
2020,23,Västra Götaland,2140,8133,31,367,55,654,124,471
2020,24,Västra Götaland,2444,10577,16,383,50,704,142,613
2020,25,Västra Götaland,1828,12405,22,405,43,747,106,719
2020,26,Västra Götaland,1935,14340,12,417,28,775,112,831
2020,27,Västra Götaland,914,15254,9,426,15,790,53,884
2020,28,Västra Götaland,364,15618,6,432,23,813,21,905
2020,29,Västra Götaland,320,15938,2,434,20,833,19,923
2020,30,Västra Götaland,336,16274,3,437,6,839,19,943
2020,31,Västra Götaland,583,16857,3,440,3,842,34,977
2020,32,Västra Götaland,670,17527,2,442,1,843,39,1016
2020,33,Västra Götaland,580,18107,4,446,3,846,34,1049
2020,34,Västra Götaland,397,18504,2,448,5,851,23,1072
2020,35,Västra Götaland,233,18737,3,451,2,853,14,1086
2020,36,Västra Götaland,296,19033,1,452,2,855,17,1103
2020,37,Västra Götaland,300,19333,2,454,1,856,17,1120
2020,38,Västra Götaland,337,19670,2,456,2,858,20,1140
2020,39,Västra Götaland,489,20159,2,458,3,861,28,1168
2020,40,Västra Götaland,402,20561,2,460,4,865,23,1191
2020,41,Västra Götaland,537,21098,6,466,2,867,31,1222
2020,42,Västra Götaland,706,21804,4,470,1,868,41,1263
2020,43,Västra Götaland,1372,23176,4,474,5,873,79,1343
2020,44,Västra Götaland,2983,26159,13,487,11,884,173,1516
2020,45,Västra Götaland,4065,30224,24,511,24,908,236,1751
2020,46,Västra Götaland,4187,34411,16,527,31,939,243,1994
2020,47,Västra Götaland,4578,38989,25,552,44,983,265,2259
2020,48,Västra Götaland,4361,43350,24,576,64,1047,253,2512
2020,49,Västra Götaland,4468,47818,20,596,56,1103,259,2771
2020,50,Västra Götaland,6782,54600,21,617,69,1172,393,3164
2020,51,Västra Götaland,8221,62821,42,659,108,1280,476,3640
2020,52,Västra Götaland,6429,69250,42,701,127,1407,373,4012
2020,53,Västra Götaland,8192,77442,63,764,137,1544,475,4487
2021,1,Västra Götaland,6782,84224,30,794,146,1690,391,4856
2021,2,Västra Götaland,6002,90226,36,830,103,1793,346,5202
2021,3,Västra Götaland,4256,94482,30,860,92,1885,245,5447
2021,4,Västra Götaland,4155,98637,30,890,67,1952,240,5687
2021,5,Västra Götaland,4146,102783,25,915,67,2019,239,5926
2021,6,Västra Götaland,4720,107503,29,944,43,2062,272,6198
2021,7,Västra Götaland,4761,112264,27,971,36,2098,274,6473
2021,8,Västra Götaland,5940,118204,27,998,28,2126,342,6815
2021,9,Västra Götaland,4885,123089,25,1023,25,2151,282,7097
2021,10,Västra Götaland,5224,128313,25,1048,25,2176,301,7398
2021,11,Västra Götaland,6171,134484,20,1068,27,2203,356,7754
2021,12,Västra Götaland,7497,141981,34,1102,24,2227,432,8186
2021,13,Västra Götaland,6642,148623,45,1147,25,2252,383,8569
2021,14,Västra Götaland,6366,154989,40,1187,16,2268,367,8936
2021,15,Västra Götaland,6933,161922,38,1225,13,2281,400,9336
2021,16,Västra Götaland,5446,167368,27,1252,22,2303,314,9650
2021,17,Västra Götaland,5303,172671,25,1277,15,2318,306,9955
2021,18,Västra Götaland,5089,177760,24,1301,12,2330,293,10249
2021,19,Västra Götaland,4415,182175,19,1320,13,2343,255,10503
2021,20,Västra Götaland,3641,185816,18,1338,11,2354,210,10713
2021,21,Västra Götaland,1141,186957,10,1348,4,2358,66,10779
2021,22,Västra Götaland,1929,188886,3,1351,7,2365,111,10890
2021,23,Västra Götaland,612,189498,6,1357,8,2373,35,10926
2021,24,Västra Götaland,348,189846,0,1357,4,2377,20,10946
2021,25,Västra Götaland,234,190080,1,1358,0,2377,13,10959
2021,26,Västra Götaland,293,190373,1,1359,1,2378,17,10976
2021,27,Västra Götaland,250,190623,1,1360,0,2378,14,10990
2021,28,Västra Götaland,372,190995,3,1363,0,2378,21,11012
2021,29,Västra Götaland,444,191439,0,1363,0,2378,26,11037
2021,30,Västra Götaland,499,191938,1,1364,0,2378,29,11066
2021,31,Västra Götaland,579,192517,6,1370,0,2378,33,11100
2021,32,Västra Götaland,808,193325,9,1379,2,2380,47,11146
2021,33,Västra Götaland,1017,194342,5,1384,1,2381,59,11205
2021,34,Västra Götaland,1349,195691,8,1392,4,2385,78,11283
2021,35,Västra Götaland,1345,197036,14,1406,4,2389,78,11360
2021,36,Västra Götaland,1827,198863,5,1411,9,2398,105,11466
2021,37,Västra Götaland,1405,200268,3,1414,6,2404,81,11547
2021,38,Västra Götaland,776,201044,1,1415,7,2411,45,11591
2021,39,Västra Götaland,628,201672,4,1419,1,2412,36,11627
2020,1,Örebro,0,0,0,0,0,0,0,0
2020,2,Örebro,0,0,0,0,0,0,0,0
2020,3,Örebro,0,0,0,0,0,0,0,0
2020,4,Örebro,0,0,0,0,0,0,0,0
2020,5,Örebro,0,0,0,0,0,0,0,0
2020,6,Örebro,0,0,0,0,0,0,0,0
2020,7,Örebro,0,0,0,0,0,0,0,0
2020,8,Örebro,0,0,0,0,0,0,0,0
2020,9,Örebro,0,0,0,0,0,0,0,0
2020,10,Örebro,4,4,0,0,0,0,1,1
2020,11,Örebro,5,9,0,0,0,0,2,3
2020,12,Örebro,33,42,1,1,0,0,11,14
2020,13,Örebro,48,90,6,7,0,0,16,30
2020,14,Örebro,84,174,9,16,7,7,28,57
2020,15,Örebro,227,401,9,25,15,22,74,132
2020,16,Örebro,224,625,13,38,17,39,73,205
2020,17,Örebro,247,872,9,47,17,56,81,286
2020,18,Örebro,238,1110,12,59,16,72,78,364
2020,19,Örebro,218,1328,6,65,21,93,72,436
2020,20,Örebro,176,1504,2,67,15,108,58,493
2020,21,Örebro,172,1676,3,70,22,130,56,550
2020,22,Örebro,119,1795,1,71,10,140,39,589
2020,23,Örebro,180,1975,2,73,5,145,59,648
2020,24,Örebro,132,2107,5,78,8,153,43,691
2020,25,Örebro,118,2225,1,79,7,160,39,730
2020,26,Örebro,88,2313,0,79,6,166,29,759
2020,27,Örebro,66,2379,2,81,3,169,22,780
2020,28,Örebro,47,2426,0,81,1,170,15,796
2020,29,Örebro,28,2454,1,82,1,171,9,805
2020,30,Örebro,22,2476,0,82,0,171,7,812
2020,31,Örebro,40,2516,0,82,0,171,13,825
2020,32,Örebro,51,2567,1,83,0,171,17,842
2020,33,Örebro,45,2612,0,83,0,171,15,857
2020,34,Örebro,32,2644,0,83,0,171,10,867
2020,35,Örebro,13,2657,0,83,0,171,4,872
2020,36,Örebro,86,2743,0,83,0,171,28,900
2020,37,Örebro,75,2818,1,84,1,172,25,925
2020,38,Örebro,85,2903,0,84,0,172,28,952
2020,39,Örebro,59,2962,0,84,0,172,19,972
2020,40,Örebro,158,3120,0,84,0,172,52,1024
2020,41,Örebro,258,3378,0,84,0,172,85,1108
2020,42,Örebro,331,3709,0,84,0,172,109,1217
2020,43,Örebro,608,4317,1,85,1,173,199,1416
2020,44,Örebro,1000,5317,2,87,2,175,328,1744
2020,45,Örebro,1225,6542,2,89,3,178,402,2146
2020,46,Örebro,1221,7763,4,93,5,183,401,2547
2020,47,Örebro,1219,8982,6,99,6,189,400,2947
2020,48,Örebro,887,9869,4,103,5,194,291,3238
2020,49,Örebro,741,10610,1,104,10,204,243,3481
2020,50,Örebro,788,11398,5,109,5,209,259,3739
2020,51,Örebro,818,12216,1,110,7,216,268,4008
2020,52,Örebro,811,13027,3,113,8,224,266,4274
2020,53,Örebro,868,13895,7,120,9,233,285,4559
2021,1,Örebro,840,14735,4,124,6,239,275,4821
2021,2,Örebro,615,15350,4,128,13,252,201,5022
2021,3,Örebro,582,15932,2,130,14,266,190,5213
2021,4,Örebro,424,16356,4,134,16,282,139,5351
2021,5,Örebro,377,16733,0,134,2,284,123,5475
2021,6,Örebro,388,17121,3,137,4,288,127,5602
2021,7,Örebro,439,17560,0,137,3,291,144,5745
2021,8,Örebro,567,18127,1,138,3,294,186,5931
2021,9,Örebro,737,18864,3,141,1,295,241,6172
2021,10,Örebro,695,19559,4,145,3,298,227,6399
2021,11,Örebro,886,20445,7,152,4,302,290,6689
2021,12,Örebro,1206,21651,7,159,2,304,395,7084
2021,13,Örebro,1547,23198,11,170,6,310,506,7590
2021,14,Örebro,1693,24891,13,183,6,316,554,8144
2021,15,Örebro,1462,26353,14,197,4,320,478,8622
2021,16,Örebro,1222,27575,7,204,5,325,400,9022
2021,17,Örebro,1199,28774,8,212,2,327,392,9414
2021,18,Örebro,1080,29854,3,215,2,329,353,9768
2021,19,Örebro,954,30808,4,219,5,334,312,10080
2021,20,Örebro,641,31449,1,220,5,339,210,10289
2021,21,Örebro,300,31749,2,222,3,342,98,10388
2021,22,Örebro,180,31929,1,223,0,342,59,10447
2021,23,Örebro,109,32038,0,223,0,342,36,10482
2021,24,Örebro,42,32080,0,223,0,342,14,10496
2021,25,Örebro,41,32121,0,223,0,342,13,10509
2021,26,Örebro,59,32180,0,223,0,342,19,10529
2021,27,Örebro,36,32216,0,223,0,342,12,10540
2021,28,Örebro,23,32239,1,224,0,342,8,10548
2021,29,Örebro,41,32280,0,224,0,342,13,10561
2021,30,Örebro,66,32346,0,224,0,342,22,10583
2021,31,Örebro,81,32427,0,224,0,342,27,10609
2021,32,Örebro,148,32575,2,226,0,342,48,10658
2021,33,Örebro,176,32751,1,227,0,342,58,10715
2021,34,Örebro,181,32932,1,228,0,342,59,10775
2021,35,Örebro,179,33111,1,229,1,343,59,10833
2021,36,Örebro,302,33413,0,229,3,346,99,10932
2021,37,Örebro,188,33601,1,230,1,347,62,10994
2021,38,Örebro,142,33743,0,230,4,351,46,11040
2021,39,Örebro,171,33914,0,230,0,351,56,11096
2020,1,Östergötland,0,0,0,0,0,0,0,0
2020,2,Östergötland,0,0,0,0,0,0,0,0
2020,3,Östergötland,0,0,0,0,0,0,0,0
2020,4,Östergötland,0,0,0,0,0,0,0,0
2020,5,Östergötland,0,0,0,0,0,0,0,0
2020,6,Östergötland,0,0,0,0,0,0,0,0
2020,7,Östergötland,0,0,0,0,0,0,0,0
2020,8,Östergötland,0,0,0,0,0,0,0,0
2020,9,Östergötland,0,0,0,0,0,0,0,0
2020,10,Östergötland,0,0,0,0,0,0,0,0
2020,11,Östergötland,27,27,0,0,0,0,6,6
2020,12,Östergötland,124,151,8,8,4,4,27,32
2020,13,Östergötland,202,353,20,28,7,11,43,76
2020,14,Östergötland,333,686,13,41,22,33,72,147
2020,15,Östergötland,286,972,11,52,25,58,61,209
2020,16,Östergötland,201,1173,19,71,30,88,43,252
2020,17,Östergötland,186,1359,12,83,29,117,40,292
2020,18,Östergötland,133,1492,4,87,26,143,29,321
2020,19,Östergötland,130,1622,3,90,18,161,28,348
2020,20,Östergötland,130,1752,4,94,14,175,28,376
2020,21,Östergötland,155,1907,3,97,16,191,33,410
2020,22,Östergötland,65,1972,1,98,8,199,14,424
2020,23,Östergötland,287,2259,5,103,12,211,62,485
2020,24,Östergötland,279,2538,1,104,11,222,60,545
2020,25,Östergötland,312,2850,1,105,5,227,67,612
2020,26,Östergötland,316,3166,2,107,5,232,68,680
2020,27,Östergötland,184,3350,0,107,6,238,40,720
2020,28,Östergötland,60,3410,0,107,1,239,13,733
2020,29,Östergötland,51,3461,0,107,1,240,11,744
2020,30,Östergötland,26,3487,0,107,0,240,6,749
2020,31,Östergötland,43,3530,0,107,0,240,9,758
2020,32,Östergötland,88,3618,0,107,1,241,19,777
2020,33,Östergötland,81,3699,0,107,1,242,17,795
2020,34,Östergötland,66,3765,1,108,0,242,14,809
2020,35,Östergötland,28,3793,0,108,1,243,6,815
2020,36,Östergötland,62,3855,0,108,2,245,13,828
2020,37,Östergötland,71,3926,0,108,2,247,15,843
2020,38,Östergötland,54,3980,0,108,0,247,12,855
2020,39,Östergötland,81,4061,0,108,0,247,17,872
2020,40,Östergötland,142,4203,0,108,1,248,31,903
2020,41,Östergötland,130,4333,0,108,0,248,28,931
2020,42,Östergötland,364,4697,1,109,0,248,78,1009
2020,43,Östergötland,512,5209,2,111,1,249,110,1119
2020,44,Östergötland,1000,6209,5,116,10,259,215,1334
2020,45,Östergötland,1124,7333,5,121,15,274,241,1575
2020,46,Östergötland,759,8092,6,127,15,289,163,1738
2020,47,Östergötland,574,8666,8,135,8,297,123,1862
2020,48,Östergötland,594,9260,6,141,21,318,128,1989
2020,49,Östergötland,786,10046,6,147,23,341,169,2158
2020,50,Östergötland,982,11028,9,156,15,356,211,2369
2020,51,Östergötland,1076,12104,10,166,20,376,231,2600
2020,52,Östergötland,889,12993,10,176,20,396,191,2791
2020,53,Östergötland,1708,14701,8,184,26,422,367,3158
2021,1,Östergötland,1469,16170,7,191,27,449,314,3461
2021,2,Östergötland,1512,17682,9,200,26,475,324,3785
2021,3,Östergötland,1154,18836,8,208,23,498,247,4032
2021,4,Östergötland,1014,19850,5,213,24,522,217,4249
2021,5,Östergötland,848,20698,1,214,15,537,182,4431
2021,6,Östergötland,787,21485,4,218,13,550,168,4599
2021,7,Östergötland,847,22332,6,224,7,557,181,4780
2021,8,Östergötland,899,23231,5,229,7,564,192,4973
2021,9,Östergötland,1015,24246,1,230,3,567,217,5190
2021,10,Östergötland,971,25217,5,235,5,572,208,5398
2021,11,Östergötland,1146,26363,6,241,3,575,245,5643
2021,12,Östergötland,1365,27728,8,249,8,583,292,5935
2021,13,Östergötland,1567,29295,5,254,4,587,335,6271
2021,14,Östergötland,1383,30678,15,269,8,595,296,6567
2021,15,Östergötland,2221,32899,12,281,8,603,475,7042
2021,16,Östergötland,2177,35076,19,300,5,608,466,7508
2021,17,Östergötland,2208,37284,14,314,4,612,473,7981
2021,18,Östergötland,1843,39127,14,328,4,616,395,8376
2021,19,Östergötland,1420,40547,2,330,10,626,304,8680
2021,20,Östergötland,865,41412,3,333,5,631,185,8865
2021,21,Östergötland,429,41841,3,336,0,631,92,8956
2021,22,Östergötland,238,42079,3,339,4,635,51,9007
2021,23,Östergötland,156,42235,3,342,1,636,33,9041
2021,24,Östergötland,62,42297,1,343,1,637,13,9054
2021,25,Östergötland,47,42344,1,344,1,638,10,9064
2021,26,Östergötland,59,42403,0,344,0,638,13,9077
2021,27,Östergötland,60,42463,0,344,0,638,13,9090
2021,28,Östergötland,48,42511,0,344,0,638,10,9100
2021,29,Östergötland,51,42562,0,344,0,638,11,9111
2021,30,Östergötland,116,42678,2,346,0,638,25,9136
2021,31,Östergötland,109,42787,0,346,0,638,23,9159
2021,32,Östergötland,187,42974,1,347,2,640,40,9199
2021,33,Östergötland,208,43182,3,350,2,642,45,9244
2021,34,Östergötland,246,43428,3,353,2,644,53,9296
2021,35,Östergötland,272,43700,3,356,2,646,58,9354
2021,36,Östergötland,282,43982,2,358,1,647,60,9415
2021,37,Östergötland,219,44201,0,358,4,651,47,9462
2021,38,Östergötland,150,44351,2,360,2,653,32,9494
2021,39,Östergötland,105,44456,2,362,1,654,22,9516
